gene,species,genome_size_mb,ploidy,n_guides,total_ot,genic_ot,intergenic_ot,unannotated_ot,fraction_genic,total_ot_per_guide,genic_ot_per_guide,intergenic_ot_per_guide
AtActin,Aegilops tauschii,4200,diploid,7,1483,147,1336,0,0.0991,211.86,21.0,190.86
AtActin,Arabidopsis thaliana,135,diploid,8,117,102,15,0,0.8718,14.62,12.75,1.88
AtActin,Asparagus officinalis,1200,diploid,7,4277,189,4088,0,0.0442,611.0,27.0,584.0
AtActin,Beta vulgaris,558,diploid,9,168,65,103,0,0.3869,18.67,7.22,11.44
AtActin,Brachypodium distachyon,355,diploid,9,210,119,91,0,0.5667,23.33,13.22,10.11
AtActin,Brassica napus,976,tetraploid,8,396,341,55,0,0.8611,49.5,42.62,6.88
AtActin,Camelina sativa,785,hexaploid,6,600,287,313,0,0.4783,100.0,47.83,52.17
AtActin,Ceratopteris richardii,7400,diploid,8,2701,192,2509,0,0.0711,337.62,24.0,313.62
AtActin,Chenopodium quinoa,1300,tetraploid,9,580,170,410,0,0.2931,64.44,18.89,45.56
AtActin,Cicer arietinum,740,diploid,8,231,118,113,0,0.5108,28.88,14.75,14.12
AtActin,Coffea canephora,569,diploid,6,172,63,109,0,0.3663,28.67,10.5,18.17
AtActin,Corylus avellana,378,diploid,7,334,156,178,0,0.4671,47.71,22.29,25.43
AtActin,Cucumis sativus,367,diploid,6,96,64,32,0,0.6667,16.0,10.67,5.33
AtActin,Daucus carota,430,diploid,8,268,116,152,0,0.4328,33.5,14.5,19.0
AtActin,Eleusine coracana,1100,tetraploid,11,743,261,482,0,0.3513,67.55,23.73,43.82
AtActin,Eruca vesicaria,851,diploid,8,414,57,357,0,0.1377,51.75,7.12,44.62
AtActin,Fragaria ananassa,806,octoploid,8,781,439,342,0,0.5621,97.62,54.88,42.75
AtActin,Glycine max,1115,diploid,8,745,162,583,0,0.2174,93.12,20.25,72.88
AtActin,Gossypium hirsutum,2300,tetraploid,9,2603,398,2205,0,0.1529,289.22,44.22,245.0
AtActin,Helianthus annuus,3000,diploid,6,3246,180,3066,0,0.0555,541.0,30.0,511.0
AtActin,Hordeum vulgare,5100,diploid,7,9838,162,9676,0,0.0165,1405.43,23.14,1382.29
AtActin,Lactuca sativa,2600,diploid,9,635,54,581,0,0.085,70.56,6.0,64.56
AtActin,Lotus japonicus,554,diploid,10,159,96,63,0,0.6038,15.9,9.6,6.3
AtActin,Lupinus angustifolius,924,diploid,7,361,175,186,0,0.4848,51.57,25.0,26.57
AtActin,Malus domestica,703,diploid,8,702,180,522,0,0.2564,87.75,22.5,65.25
AtActin,Manihot esculenta,750,diploid,9,289,160,129,0,0.5536,32.11,17.78,14.33
AtActin,Miscanthus sinensis,2080,diploid,11,1563,333,1230,0,0.2131,142.09,30.27,111.82
AtActin,Panicum miliaceum,835,diploid,11,1034,519,515,0,0.5019,94.0,47.18,46.82
AtActin,Paspalum notatum,513,diploid,9,366,141,225,0,0.3852,40.67,15.67,25.0
AtActin,Phaseolus vulgaris,530,diploid,7,125,72,53,0,0.576,17.86,10.29,7.57
AtActin,Pisum sativum,4450,diploid,7,3418,111,3307,0,0.0325,488.29,15.86,472.43
AtActin,Populus deltoides,425,diploid,9,169,99,70,0,0.5858,18.78,11.0,7.78
AtActin,Populus trichocarpa,480,diploid,9,270,161,109,0,0.5963,30.0,17.89,12.11
AtActin,Prunus persica,272,diploid,7,173,71,102,0,0.4104,24.71,10.14,14.57
AtActin,Rubus occidentalis,240,diploid,7,284,111,173,0,0.3908,40.57,15.86,24.71
AtActin,Setaria viridis,397,diploid,9,332,111,221,0,0.3343,36.89,12.33,24.56
AtActin,Solanum lycopersicum,824,diploid,7,267,81,186,0,0.3034,38.14,11.57,26.57
AtActin,Solanum tuberosum,1653,tetraploid,8,357,113,244,0,0.3165,44.62,14.12,30.5
AtActin,Sorghum bicolor,709,diploid,11,335,155,180,0,0.4627,30.45,14.09,16.36
AtActin,Spinacia oleracea,989,diploid,7,137,74,63,0,0.5401,19.57,10.57,9.0
AtActin,Thlaspi arvense,539,diploid,9,152,80,72,0,0.5263,16.89,8.89,8.0
AtActin,Vicia faba,11900,diploid,7,10716,98,10618,0,0.0091,1530.86,14.0,1516.86
AtActin,Vigna unguiculata,641,diploid,7,220,71,149,0,0.3227,31.43,10.14,21.29
AtActin,Vitis vinifera,486,diploid,7,351,135,216,0,0.3846,50.14,19.29,30.86
AtActin,Zea mays,2500,diploid,11,2390,324,2066,0,0.1356,217.27,29.45,187.82
AtActin,brassica rapa,353,diploid,8,180,158,22,0,0.8778,22.5,19.75,2.75
AtActin,musa acuminata,523,diploid,7,295,213,82,0,0.722,42.14,30.43,11.71
AtAPRT,Aegilops tauschii,4200,diploid,8,931,91,840,0,0.0977,116.38,11.38,105.0
AtAPRT,Arabidopsis thaliana,135,diploid,6,79,58,21,0,0.7342,13.17,9.67,3.5
AtAPRT,Asparagus officinalis,1200,diploid,10,1392,190,1202,0,0.1365,139.2,19.0,120.2
AtAPRT,Beta vulgaris,558,diploid,4,122,31,91,0,0.2541,30.5,7.75,22.75
AtAPRT,Brachypodium distachyon,355,diploid,8,108,50,58,0,0.463,13.5,6.25,7.25
AtAPRT,Brassica napus,976,tetraploid,4,340,130,210,0,0.3824,85.0,32.5,52.5
AtAPRT,Camelina sativa,785,hexaploid,5,599,140,459,0,0.2337,119.8,28.0,91.8
AtAPRT,Ceratopteris richardii,7400,diploid,9,2316,132,2184,0,0.057,257.33,14.67,242.67
AtAPRT,Chenopodium quinoa,1300,tetraploid,3,153,39,114,0,0.2549,51.0,13.0,38.0
AtAPRT,Cicer arietinum,740,diploid,8,128,52,76,0,0.4062,16.0,6.5,9.5
AtAPRT,Coffea canephora,569,diploid,6,174,53,121,0,0.3046,29.0,8.83,20.17
AtAPRT,Corylus avellana,378,diploid,7,263,58,205,0,0.2205,37.57,8.29,29.29
AtAPRT,Cucumis sativus,367,diploid,5,71,35,36,0,0.493,14.2,7.0,7.2
AtAPRT,Daucus carota,430,diploid,4,124,50,74,0,0.4032,31.0,12.5,18.5
AtAPRT,Eleusine coracana,1100,tetraploid,14,1267,368,899,0,0.2904,90.5,26.29,64.21
AtAPRT,Eruca vesicaria,851,diploid,4,302,10,292,0,0.0331,75.5,2.5,73.0
AtAPRT,Fragaria ananassa,806,octoploid,8,345,180,165,0,0.5217,43.12,22.5,20.62
AtAPRT,Glycine max,1115,diploid,7,363,99,264,0,0.2727,51.86,14.14,37.71
AtAPRT,Gossypium hirsutum,2300,tetraploid,6,647,120,527,0,0.1855,107.83,20.0,87.83
AtAPRT,Helianthus annuus,3000,diploid,6,1176,89,1087,0,0.0757,196.0,14.83,181.17
AtAPRT,Hordeum vulgare,5100,diploid,9,775,67,708,0,0.0865,86.11,7.44,78.67
AtAPRT,Lactuca sativa,2600,diploid,8,355,40,315,0,0.1127,44.38,5.0,39.38
AtAPRT,Lotus japonicus,554,diploid,8,208,76,132,0,0.3654,26.0,9.5,16.5
AtAPRT,Lupinus angustifolius,924,diploid,6,281,69,212,0,0.2456,46.83,11.5,35.33
AtAPRT,Malus domestica,703,diploid,9,561,167,394,0,0.2977,62.33,18.56,43.78
AtAPRT,Manihot esculenta,750,diploid,7,42,27,15,0,0.6429,6.0,3.86,2.14
AtAPRT,Miscanthus sinensis,2080,diploid,11,2477,155,2322,0,0.0626,225.18,14.09,211.09
AtAPRT,Panicum miliaceum,835,diploid,9,408,72,336,0,0.1765,45.33,8.0,37.33
AtAPRT,Paspalum notatum,513,diploid,7,421,65,356,0,0.1544,60.14,9.29,50.86
AtAPRT,Phaseolus vulgaris,530,diploid,6,121,37,84,0,0.3058,20.17,6.17,14.0
AtAPRT,Pisum sativum,4450,diploid,7,2915,38,2877,0,0.013,416.43,5.43,411.0
AtAPRT,Populus deltoides,425,diploid,6,232,82,150,0,0.3534,38.67,13.67,25.0
AtAPRT,Populus trichocarpa,480,diploid,6,174,68,106,0,0.3908,29.0,11.33,17.67
AtAPRT,Prunus persica,272,diploid,8,424,76,348,0,0.1792,53.0,9.5,43.5
AtAPRT,Rubus occidentalis,240,diploid,10,236,96,140,0,0.4068,23.6,9.6,14.0
AtAPRT,Setaria viridis,397,diploid,9,189,64,125,0,0.3386,21.0,7.11,13.89
AtAPRT,Solanum lycopersicum,824,diploid,5,815,115,700,0,0.1411,163.0,23.0,140.0
AtAPRT,Solanum tuberosum,1653,tetraploid,5,884,131,753,0,0.1482,176.8,26.2,150.6
AtAPRT,Sorghum bicolor,709,diploid,11,488,145,343,0,0.2971,44.36,13.18,31.18
AtAPRT,Spinacia oleracea,989,diploid,4,72,23,49,0,0.3194,18.0,5.75,12.25
AtAPRT,Thlaspi arvense,539,diploid,6,142,38,104,0,0.2676,23.67,6.33,17.33
AtAPRT,Vicia faba,11900,diploid,5,1254,13,1241,0,0.0104,250.8,2.6,248.2
AtAPRT,Vigna unguiculata,641,diploid,7,167,43,124,0,0.2575,23.86,6.14,17.71
AtAPRT,Vitis vinifera,486,diploid,6,242,94,148,0,0.3884,40.33,15.67,24.67
AtAPRT,Zea mays,2500,diploid,12,758,135,623,0,0.1781,63.17,11.25,51.92
AtAPRT,brassica rapa,353,diploid,4,122,73,49,0,0.5984,30.5,18.25,12.25
AtAPRT,musa acuminata,523,diploid,14,332,178,154,0,0.5361,23.71,12.71,11.0
AtEF1a,Aegilops tauschii,4200,diploid,15,2415,317,2098,0,0.1313,161.0,21.13,139.87
AtEF1a,Arabidopsis thaliana,135,diploid,12,93,81,12,0,0.871,7.75,6.75,1.0
AtEF1a,Asparagus officinalis,1200,diploid,14,362,77,285,0,0.2127,25.86,5.5,20.36
AtEF1a,Beta vulgaris,558,diploid,12,398,136,262,0,0.3417,33.17,11.33,21.83
AtEF1a,Brachypodium distachyon,355,diploid,15,308,177,131,0,0.5747,20.53,11.8,8.73
AtEF1a,Brassica napus,976,tetraploid,13,662,453,209,0,0.6843,50.92,34.85,16.08
AtEF1a,Camelina sativa,785,hexaploid,11,535,311,224,0,0.5813,48.64,28.27,20.36
AtEF1a,Ceratopteris richardii,7400,diploid,12,2507,204,2303,0,0.0814,208.92,17.0,191.92
AtEF1a,Chenopodium quinoa,1300,tetraploid,11,459,215,244,0,0.4684,41.73,19.55,22.18
AtEF1a,Cicer arietinum,740,diploid,11,178,131,47,0,0.736,16.18,11.91,4.27
AtEF1a,Coffea canephora,569,diploid,15,273,82,191,0,0.3004,18.2,5.47,12.73
AtEF1a,Corylus avellana,378,diploid,15,264,149,115,0,0.5644,17.6,9.93,7.67
AtEF1a,Cucumis sativus,367,diploid,9,70,45,25,0,0.6429,7.78,5.0,2.78
AtEF1a,Daucus carota,430,diploid,11,170,104,66,0,0.6118,15.45,9.45,6.0
AtEF1a,Eleusine coracana,1100,tetraploid,11,571,241,330,0,0.4221,51.91,21.91,30.0
AtEF1a,Eruca vesicaria,851,diploid,12,2188,73,2115,0,0.0334,182.33,6.08,176.25
AtEF1a,Fragaria ananassa,806,octoploid,14,707,347,360,0,0.4908,50.5,24.79,25.71
AtEF1a,Glycine max,1115,diploid,12,692,160,532,0,0.2312,57.67,13.33,44.33
AtEF1a,Gossypium hirsutum,2300,tetraploid,13,970,286,684,0,0.2948,74.62,22.0,52.62
AtEF1a,Helianthus annuus,3000,diploid,12,1580,144,1436,0,0.0911,131.67,12.0,119.67
AtEF1a,Hordeum vulgare,5100,diploid,14,5783,277,5506,0,0.0479,413.07,19.79,393.29
AtEF1a,Lactuca sativa,2600,diploid,7,1419,94,1325,0,0.0662,202.71,13.43,189.29
AtEF1a,Lotus japonicus,554,diploid,10,222,124,98,0,0.5586,22.2,12.4,9.8
AtEF1a,Lupinus angustifolius,924,diploid,10,375,137,238,0,0.3653,37.5,13.7,23.8
AtEF1a,Malus domestica,703,diploid,14,350,175,175,0,0.5,25.0,12.5,12.5
AtEF1a,Manihot esculenta,750,diploid,14,386,142,244,0,0.3679,27.57,10.14,17.43
AtEF1a,Miscanthus sinensis,2080,diploid,14,2707,482,2225,0,0.1781,193.36,34.43,158.93
AtEF1a,Panicum miliaceum,835,diploid,13,682,254,428,0,0.3724,52.46,19.54,32.92
AtEF1a,Paspalum notatum,513,diploid,13,656,195,461,0,0.2973,50.46,15.0,35.46
AtEF1a,Phaseolus vulgaris,530,diploid,14,296,81,215,0,0.2736,21.14,5.79,15.36
AtEF1a,Pisum sativum,4450,diploid,8,7377,59,7318,0,0.008,922.12,7.38,914.75
AtEF1a,Populus deltoides,425,diploid,17,275,178,97,0,0.6473,16.18,10.47,5.71
AtEF1a,Populus trichocarpa,480,diploid,16,267,169,98,0,0.633,16.69,10.56,6.12
AtEF1a,Prunus persica,272,diploid,15,221,130,91,0,0.5882,14.73,8.67,6.07
AtEF1a,Rubus occidentalis,240,diploid,11,174,113,61,0,0.6494,15.82,10.27,5.55
AtEF1a,Setaria viridis,397,diploid,14,381,227,154,0,0.5958,27.21,16.21,11.0
AtEF1a,Solanum lycopersicum,824,diploid,13,371,105,266,0,0.283,28.54,8.08,20.46
AtEF1a,Solanum tuberosum,1653,tetraploid,8,357,79,278,0,0.2213,44.62,9.88,34.75
AtEF1a,Sorghum bicolor,709,diploid,16,386,205,181,0,0.5311,24.12,12.81,11.31
AtEF1a,Spinacia oleracea,989,diploid,11,438,165,273,0,0.3767,39.82,15.0,24.82
AtEF1a,Thlaspi arvense,539,diploid,12,265,47,218,0,0.1774,22.08,3.92,18.17
AtEF1a,Vicia faba,11900,diploid,9,14973,80,14893,0,0.0053,1663.67,8.89,1654.78
AtEF1a,Vigna unguiculata,641,diploid,11,224,83,141,0,0.3705,20.36,7.55,12.82
AtEF1a,Vitis vinifera,486,diploid,13,405,191,214,0,0.4716,31.15,14.69,16.46
AtEF1a,Zea mays,2500,diploid,13,1231,308,923,0,0.2502,94.69,23.69,71.0
AtEF1a,brassica rapa,353,diploid,10,225,170,55,0,0.7556,22.5,17.0,5.5
AtEF1a,musa acuminata,523,diploid,13,357,187,170,0,0.5238,27.46,14.38,13.08
AtHSP70,Aegilops tauschii,4200,diploid,8,9673,758,8915,0,0.0784,1209.12,94.75,1114.38
AtHSP70,Arabidopsis thaliana,135,diploid,5,120,106,14,0,0.8833,24.0,21.2,2.8
AtHSP70,Asparagus officinalis,1200,diploid,6,1245,201,1044,0,0.1614,207.5,33.5,174.0
AtHSP70,Beta vulgaris,558,diploid,8,318,122,196,0,0.3836,39.75,15.25,24.5
AtHSP70,Brachypodium distachyon,355,diploid,10,660,391,269,0,0.5924,66.0,39.1,26.9
AtHSP70,Brassica napus,976,tetraploid,4,688,414,274,0,0.6017,172.0,103.5,68.5
AtHSP70,Camelina sativa,785,hexaploid,5,621,320,301,0,0.5153,124.2,64.0,60.2
AtHSP70,Ceratopteris richardii,7400,diploid,1,0,0,0,0,0.0,0.0,0.0,0.0
AtHSP70,Chenopodium quinoa,1300,tetraploid,3,514,164,350,0,0.3191,171.33,54.67,116.67
AtHSP70,Cicer arietinum,740,diploid,5,370,125,245,0,0.3378,74.0,25.0,49.0
AtHSP70,Coffea canephora,569,diploid,3,228,90,138,0,0.3947,76.0,30.0,46.0
AtHSP70,Corylus avellana,378,diploid,7,267,147,120,0,0.5506,38.14,21.0,17.14
AtHSP70,Cucumis sativus,367,diploid,4,145,70,75,0,0.4828,36.25,17.5,18.75
AtHSP70,Daucus carota,430,diploid,5,230,126,104,0,0.5478,46.0,25.2,20.8
AtHSP70,Eleusine coracana,1100,tetraploid,6,2806,533,2273,0,0.19,467.67,88.83,378.83
AtHSP70,Eruca vesicaria,851,diploid,5,946,60,886,0,0.0634,189.2,12.0,177.2
AtHSP70,Fragaria ananassa,806,octoploid,5,735,482,253,0,0.6558,147.0,96.4,50.6
AtHSP70,Glycine max,1115,diploid,5,656,217,439,0,0.3308,131.2,43.4,87.8
AtHSP70,Gossypium hirsutum,2300,tetraploid,2,699,174,525,0,0.2489,349.5,87.0,262.5
AtHSP70,Helianthus annuus,3000,diploid,6,2762,146,2616,0,0.0529,460.33,24.33,436.0
AtHSP70,Hordeum vulgare,5100,diploid,9,3682,112,3570,0,0.0304,409.11,12.44,396.67
AtHSP70,Lactuca sativa,2600,diploid,6,2084,174,1910,0,0.0835,347.33,29.0,318.33
AtHSP70,Lotus japonicus,554,diploid,4,1047,311,736,0,0.297,261.75,77.75,184.0
AtHSP70,Lupinus angustifolius,924,diploid,6,506,175,331,0,0.3458,84.33,29.17,55.17
AtHSP70,Malus domestica,703,diploid,6,266,89,177,0,0.3346,44.33,14.83,29.5
AtHSP70,Manihot esculenta,750,diploid,5,641,181,460,0,0.2824,128.2,36.2,92.0
AtHSP70,Miscanthus sinensis,2080,diploid,8,5406,1175,4231,0,0.2174,675.75,146.88,528.88
AtHSP70,Panicum miliaceum,835,diploid,8,2815,1053,1762,0,0.3741,351.88,131.62,220.25
AtHSP70,Paspalum notatum,513,diploid,9,742,315,427,0,0.4245,82.44,35.0,47.44
AtHSP70,Phaseolus vulgaris,530,diploid,7,571,204,367,0,0.3573,81.57,29.14,52.43
AtHSP70,Pisum sativum,4450,diploid,4,2892,91,2801,0,0.0315,723.0,22.75,700.25
AtHSP70,Populus deltoides,425,diploid,5,161,105,56,0,0.6522,32.2,21.0,11.2
AtHSP70,Populus trichocarpa,480,diploid,5,188,94,94,0,0.5,37.6,18.8,18.8
AtHSP70,Prunus persica,272,diploid,6,146,69,77,0,0.4726,24.33,11.5,12.83
AtHSP70,Rubus occidentalis,240,diploid,10,1401,857,544,0,0.6117,140.1,85.7,54.4
AtHSP70,Setaria viridis,397,diploid,6,1020,347,673,0,0.3402,170.0,57.83,112.17
AtHSP70,Solanum lycopersicum,824,diploid,7,644,110,534,0,0.1708,92.0,15.71,76.29
AtHSP70,Solanum tuberosum,1653,tetraploid,9,938,188,750,0,0.2004,104.22,20.89,83.33
AtHSP70,Sorghum bicolor,709,diploid,8,4304,826,3478,0,0.1919,538.0,103.25,434.75
AtHSP70,Spinacia oleracea,989,diploid,4,952,135,817,0,0.1418,238.0,33.75,204.25
AtHSP70,Thlaspi arvense,539,diploid,5,606,97,509,0,0.1601,121.2,19.4,101.8
AtHSP70,Vicia faba,11900,diploid,4,4066,78,3988,0,0.0192,1016.5,19.5,997.0
AtHSP70,Vigna unguiculata,641,diploid,8,589,178,411,0,0.3022,73.62,22.25,51.38
AtHSP70,Vitis vinifera,486,diploid,7,447,214,233,0,0.4787,63.86,30.57,33.29
AtHSP70,Zea mays,2500,diploid,7,4577,716,3861,0,0.1564,653.86,102.29,551.57
AtHSP70,brassica rapa,353,diploid,4,233,198,35,0,0.8498,58.25,49.5,8.75
AtHSP70,musa acuminata,523,diploid,4,336,154,182,0,0.4583,84.0,38.5,45.5
AtTubulin,Aegilops tauschii,4200,diploid,14,6764,753,6011,0,0.1113,483.14,53.79,429.36
AtTubulin,Arabidopsis thaliana,135,diploid,11,150,117,33,0,0.78,13.64,10.64,3.0
AtTubulin,Asparagus officinalis,1200,diploid,13,788,262,526,0,0.3325,60.62,20.15,40.46
AtTubulin,Beta vulgaris,558,diploid,6,346,133,213,0,0.3844,57.67,22.17,35.5
AtTubulin,Brachypodium distachyon,355,diploid,11,230,126,104,0,0.5478,20.91,11.45,9.45
AtTubulin,Brassica napus,976,tetraploid,9,1838,897,941,0,0.488,204.22,99.67,104.56
AtTubulin,Camelina sativa,785,hexaploid,13,774,468,306,0,0.6047,59.54,36.0,23.54
AtTubulin,Ceratopteris richardii,7400,diploid,14,15333,683,14650,0,0.0445,1095.21,48.79,1046.43
AtTubulin,Chenopodium quinoa,1300,tetraploid,6,974,450,524,0,0.462,162.33,75.0,87.33
AtTubulin,Cicer arietinum,740,diploid,6,322,150,172,0,0.4658,53.67,25.0,28.67
AtTubulin,Coffea canephora,569,diploid,11,256,104,152,0,0.4062,23.27,9.45,13.82
AtTubulin,Corylus avellana,378,diploid,10,381,156,225,0,0.4094,38.1,15.6,22.5
AtTubulin,Cucumis sativus,367,diploid,13,186,133,53,0,0.7151,14.31,10.23,4.08
AtTubulin,Daucus carota,430,diploid,9,273,153,120,0,0.5604,30.33,17.0,13.33
AtTubulin,Eleusine coracana,1100,tetraploid,11,799,192,607,0,0.2403,72.64,17.45,55.18
AtTubulin,Eruca vesicaria,851,diploid,8,941,85,856,0,0.0903,117.62,10.62,107.0
AtTubulin,Fragaria ananassa,806,octoploid,9,1003,625,378,0,0.6231,111.44,69.44,42.0
AtTubulin,Glycine max,1115,diploid,13,1354,409,945,0,0.3021,104.15,31.46,72.69
AtTubulin,Gossypium hirsutum,2300,tetraploid,7,1802,445,1357,0,0.2469,257.43,63.57,193.86
AtTubulin,Helianthus annuus,3000,diploid,10,2493,273,2220,0,0.1095,249.3,27.3,222.0
AtTubulin,Hordeum vulgare,5100,diploid,15,13957,650,13307,0,0.0466,930.47,43.33,887.13
AtTubulin,Lactuca sativa,2600,diploid,7,1710,243,1467,0,0.1421,244.29,34.71,209.57
AtTubulin,Lotus japonicus,554,diploid,9,740,279,461,0,0.377,82.22,31.0,51.22
AtTubulin,Lupinus angustifolius,924,diploid,11,585,200,385,0,0.3419,53.18,18.18,35.0
AtTubulin,Malus domestica,703,diploid,10,780,249,531,0,0.3192,78.0,24.9,53.1
AtTubulin,Manihot esculenta,750,diploid,9,458,234,224,0,0.5109,50.89,26.0,24.89
AtTubulin,Miscanthus sinensis,2080,diploid,13,2255,357,1898,0,0.1583,173.46,27.46,146.0
AtTubulin,Panicum miliaceum,835,diploid,16,1692,642,1050,0,0.3794,105.75,40.12,65.62
AtTubulin,Paspalum notatum,513,diploid,15,1130,372,758,0,0.3292,75.33,24.8,50.53
AtTubulin,Phaseolus vulgaris,530,diploid,11,325,116,209,0,0.3569,29.55,10.55,19.0
AtTubulin,Pisum sativum,4450,diploid,10,2879,142,2737,0,0.0493,287.9,14.2,273.7
AtTubulin,Populus deltoides,425,diploid,12,764,263,501,0,0.3442,63.67,21.92,41.75
AtTubulin,Populus trichocarpa,480,diploid,12,636,237,399,0,0.3726,53.0,19.75,33.25
AtTubulin,Prunus persica,272,diploid,9,247,149,98,0,0.6032,27.44,16.56,10.89
AtTubulin,Rubus occidentalis,240,diploid,16,463,176,287,0,0.3801,28.94,11.0,17.94
AtTubulin,Setaria viridis,397,diploid,12,388,141,247,0,0.3634,32.33,11.75,20.58
AtTubulin,Solanum lycopersicum,824,diploid,9,774,126,648,0,0.1628,86.0,14.0,72.0
AtTubulin,Solanum tuberosum,1653,tetraploid,7,529,158,371,0,0.2987,75.57,22.57,53.0
AtTubulin,Sorghum bicolor,709,diploid,13,680,189,491,0,0.2779,52.31,14.54,37.77
AtTubulin,Spinacia oleracea,989,diploid,8,507,172,335,0,0.3393,63.38,21.5,41.88
AtTubulin,Thlaspi arvense,539,diploid,9,515,145,370,0,0.2816,57.22,16.11,41.11
AtTubulin,Vicia faba,11900,diploid,9,9474,112,9362,0,0.0118,1052.67,12.44,1040.22
AtTubulin,Vigna unguiculata,641,diploid,14,845,235,610,0,0.2781,60.36,16.79,43.57
AtTubulin,Vitis vinifera,486,diploid,7,341,170,171,0,0.4985,48.71,24.29,24.43
AtTubulin,Zea mays,2500,diploid,14,3925,248,3677,0,0.0632,280.36,17.71,262.64
AtTubulin,brassica rapa,353,diploid,10,585,390,195,0,0.6667,58.5,39.0,19.5
AtTubulin,musa acuminata,523,diploid,16,443,300,143,0,0.6772,27.69,18.75,8.94
AtHistone4,Aegilops tauschii,4200,diploid,11,14102,1277,12825,0,0.0906,1282.0,116.09,1165.91
AtHistone4,Arabidopsis thaliana,135,diploid,6,48,46,2,0,0.9583,8.0,7.67,0.33
AtHistone4,Asparagus officinalis,1200,diploid,12,1068,144,924,0,0.1348,89.0,12.0,77.0
AtHistone4,Beta vulgaris,558,diploid,3,100,40,60,0,0.4,33.33,13.33,20.0
AtHistone4,Brachypodium distachyon,355,diploid,10,918,658,260,0,0.7168,91.8,65.8,26.0
AtHistone4,Brassica napus,976,tetraploid,6,815,560,255,0,0.6871,135.83,93.33,42.5
AtHistone4,Camelina sativa,785,hexaploid,7,211,166,45,0,0.7867,30.14,23.71,6.43
AtHistone4,Ceratopteris richardii,7400,diploid,7,806,160,646,0,0.1985,115.14,22.86,92.29
AtHistone4,Chenopodium quinoa,1300,tetraploid,3,44,28,16,0,0.6364,14.67,9.33,5.33
AtHistone4,Cicer arietinum,740,diploid,4,51,33,18,0,0.6471,12.75,8.25,4.5
AtHistone4,Coffea canephora,569,diploid,9,75,37,38,0,0.4933,8.33,4.11,4.22
AtHistone4,Corylus avellana,378,diploid,5,66,42,24,0,0.6364,13.2,8.4,4.8
AtHistone4,Cucumis sativus,367,diploid,6,151,94,57,0,0.6225,25.17,15.67,9.5
AtHistone4,Daucus carota,430,diploid,7,125,100,25,0,0.8,17.86,14.29,3.57
AtHistone4,Eleusine coracana,1100,tetraploid,12,2380,1114,1266,0,0.4681,198.33,92.83,105.5
AtHistone4,Eruca vesicaria,851,diploid,4,94,21,73,0,0.2234,23.5,5.25,18.25
AtHistone4,Fragaria ananassa,806,octoploid,6,315,173,142,0,0.5492,52.5,28.83,23.67
AtHistone4,Glycine max,1115,diploid,7,235,110,125,0,0.4681,33.57,15.71,17.86
AtHistone4,Gossypium hirsutum,2300,tetraploid,9,599,210,389,0,0.3506,66.56,23.33,43.22
AtHistone4,Helianthus annuus,3000,diploid,7,510,157,353,0,0.3078,72.86,22.43,50.43
AtHistone4,Hordeum vulgare,5100,diploid,12,7102,1551,5551,0,0.2184,591.83,129.25,462.58
AtHistone4,Lactuca sativa,2600,diploid,7,517,138,379,0,0.2669,73.86,19.71,54.14
AtHistone4,Lotus japonicus,554,diploid,10,177,87,90,0,0.4915,17.7,8.7,9.0
AtHistone4,Lupinus angustifolius,924,diploid,3,305,77,228,0,0.2525,101.67,25.67,76.0
AtHistone4,Malus domestica,703,diploid,9,595,85,510,0,0.1429,66.11,9.44,56.67
AtHistone4,Manihot esculenta,750,diploid,7,53,29,24,0,0.5472,7.57,4.14,3.43
AtHistone4,Miscanthus sinensis,2080,diploid,10,4483,1190,3293,0,0.2654,448.3,119.0,329.3
AtHistone4,Panicum miliaceum,835,diploid,10,2315,1238,1077,0,0.5348,231.5,123.8,107.7
AtHistone4,Paspalum notatum,513,diploid,12,1751,801,950,0,0.4575,145.92,66.75,79.17
AtHistone4,Phaseolus vulgaris,530,diploid,7,117,35,82,0,0.2991,16.71,5.0,11.71
AtHistone4,Pisum sativum,4450,diploid,6,678,64,614,0,0.0944,113.0,10.67,102.33
AtHistone4,Populus deltoides,425,diploid,4,45,37,8,0,0.8222,11.25,9.25,2.0
AtHistone4,Populus trichocarpa,480,diploid,4,45,36,9,0,0.8,11.25,9.0,2.25
AtHistone4,Prunus persica,272,diploid,7,129,64,65,0,0.4961,18.43,9.14,9.29
AtHistone4,Rubus occidentalis,240,diploid,9,105,38,67,0,0.3619,11.67,4.22,7.44
AtHistone4,Setaria viridis,397,diploid,12,1280,759,521,0,0.593,106.67,63.25,43.42
AtHistone4,Solanum lycopersicum,824,diploid,5,104,65,39,0,0.625,20.8,13.0,7.8
AtHistone4,Solanum tuberosum,1653,tetraploid,5,107,53,54,0,0.4953,21.4,10.6,10.8
AtHistone4,Sorghum bicolor,709,diploid,12,1818,876,942,0,0.4818,151.5,73.0,78.5
AtHistone4,Spinacia oleracea,989,diploid,6,96,48,48,0,0.5,16.0,8.0,8.0
AtHistone4,Thlaspi arvense,539,diploid,10,143,60,83,0,0.4196,14.3,6.0,8.3
AtHistone4,Vicia faba,11900,diploid,3,306,52,254,0,0.1699,102.0,17.33,84.67
AtHistone4,Vigna unguiculata,641,diploid,4,74,42,32,0,0.5676,18.5,10.5,8.0
AtHistone4,Vitis vinifera,486,diploid,8,106,68,38,0,0.6415,13.25,8.5,4.75
AtHistone4,Zea mays,2500,diploid,9,1674,466,1208,0,0.2784,186.0,51.78,134.22
AtHistone4,brassica rapa,353,diploid,6,234,153,81,0,0.6538,39.0,25.5,13.5
AtHistone4,musa acuminata,523,diploid,8,142,110,32,0,0.7746,17.75,13.75,4.0
AtGTP_EFTU,Aegilops tauschii,4200,diploid,9,1335,124,1211,0,0.0929,148.33,13.78,134.56
AtGTP_EFTU,Arabidopsis thaliana,135,diploid,6,25,20,5,0,0.8,4.17,3.33,0.83
AtGTP_EFTU,Asparagus officinalis,1200,diploid,7,528,125,403,0,0.2367,75.43,17.86,57.57
AtGTP_EFTU,Beta vulgaris,558,diploid,8,156,56,100,0,0.359,19.5,7.0,12.5
AtGTP_EFTU,Brachypodium distachyon,355,diploid,7,120,61,59,0,0.5083,17.14,8.71,8.43
AtGTP_EFTU,Brassica napus,976,tetraploid,8,231,156,75,0,0.6753,28.88,19.5,9.38
AtGTP_EFTU,Camelina sativa,785,hexaploid,6,148,84,64,0,0.5676,24.67,14.0,10.67
AtGTP_EFTU,Ceratopteris richardii,7400,diploid,8,6543,467,6076,0,0.0714,817.88,58.38,759.5
AtGTP_EFTU,Chenopodium quinoa,1300,tetraploid,10,361,140,221,0,0.3878,36.1,14.0,22.1
AtGTP_EFTU,Cicer arietinum,740,diploid,7,96,45,51,0,0.4688,13.71,6.43,7.29
AtGTP_EFTU,Coffea canephora,569,diploid,9,321,84,237,0,0.2617,35.67,9.33,26.33
AtGTP_EFTU,Corylus avellana,378,diploid,8,213,84,129,0,0.3944,26.62,10.5,16.12
AtGTP_EFTU,Cucumis sativus,367,diploid,5,130,54,76,0,0.4154,26.0,10.8,15.2
AtGTP_EFTU,Daucus carota,430,diploid,10,212,92,120,0,0.434,21.2,9.2,12.0
AtGTP_EFTU,Eleusine coracana,1100,tetraploid,9,406,55,351,0,0.1355,45.11,6.11,39.0
AtGTP_EFTU,Eruca vesicaria,851,diploid,7,244,16,228,0,0.0656,34.86,2.29,32.57
AtGTP_EFTU,Fragaria ananassa,806,octoploid,6,531,213,318,0,0.4011,88.5,35.5,53.0
AtGTP_EFTU,Glycine max,1115,diploid,7,402,119,283,0,0.296,57.43,17.0,40.43
AtGTP_EFTU,Gossypium hirsutum,2300,tetraploid,10,450,115,335,0,0.2556,45.0,11.5,33.5
AtGTP_EFTU,Helianthus annuus,3000,diploid,8,3380,132,3248,0,0.0391,422.5,16.5,406.0
AtGTP_EFTU,Hordeum vulgare,5100,diploid,9,2748,102,2646,0,0.0371,305.33,11.33,294.0
AtGTP_EFTU,Lactuca sativa,2600,diploid,8,621,48,573,0,0.0773,77.62,6.0,71.62
AtGTP_EFTU,Lotus japonicus,554,diploid,7,110,33,77,0,0.3,15.71,4.71,11.0
AtGTP_EFTU,Lupinus angustifolius,924,diploid,8,204,91,113,0,0.4461,25.5,11.38,14.12
AtGTP_EFTU,Malus domestica,703,diploid,9,284,75,209,0,0.2641,31.56,8.33,23.22
AtGTP_EFTU,Manihot esculenta,750,diploid,9,207,93,114,0,0.4493,23.0,10.33,12.67
AtGTP_EFTU,Miscanthus sinensis,2080,diploid,11,618,94,524,0,0.1521,56.18,8.55,47.64
AtGTP_EFTU,Panicum miliaceum,835,diploid,8,303,87,216,0,0.2871,37.88,10.88,27.0
AtGTP_EFTU,Paspalum notatum,513,diploid,7,356,69,287,0,0.1938,50.86,9.86,41.0
AtGTP_EFTU,Phaseolus vulgaris,530,diploid,8,236,68,168,0,0.2881,29.5,8.5,21.0
AtGTP_EFTU,Pisum sativum,4450,diploid,6,404,30,374,0,0.0743,67.33,5.0,62.33
AtGTP_EFTU,Populus deltoides,425,diploid,8,133,60,73,0,0.4511,16.62,7.5,9.12
AtGTP_EFTU,Populus trichocarpa,480,diploid,8,107,44,63,0,0.4112,13.38,5.5,7.88
AtGTP_EFTU,Prunus persica,272,diploid,9,148,66,82,0,0.4459,16.44,7.33,9.11
AtGTP_EFTU,Rubus occidentalis,240,diploid,8,154,66,88,0,0.4286,19.25,8.25,11.0
AtGTP_EFTU,Setaria viridis,397,diploid,8,148,42,106,0,0.2838,18.5,5.25,13.25
AtGTP_EFTU,Solanum lycopersicum,824,diploid,6,396,62,334,0,0.1566,66.0,10.33,55.67
AtGTP_EFTU,Solanum tuberosum,1653,tetraploid,7,297,76,221,0,0.2559,42.43,10.86,31.57
AtGTP_EFTU,Sorghum bicolor,709,diploid,11,658,66,592,0,0.1003,59.82,6.0,53.82
AtGTP_EFTU,Spinacia oleracea,989,diploid,6,147,42,105,0,0.2857,24.5,7.0,17.5
AtGTP_EFTU,Thlaspi arvense,539,diploid,7,119,29,90,0,0.2437,17.0,4.14,12.86
AtGTP_EFTU,Vicia faba,11900,diploid,6,4014,34,3980,0,0.0085,669.0,5.67,663.33
AtGTP_EFTU,Vigna unguiculata,641,diploid,10,235,89,146,0,0.3787,23.5,8.9,14.6
AtGTP_EFTU,Vitis vinifera,486,diploid,6,140,75,65,0,0.5357,23.33,12.5,10.83
AtGTP_EFTU,Zea mays,2500,diploid,11,498,110,388,0,0.2209,45.27,10.0,35.27
AtGTP_EFTU,brassica rapa,353,diploid,8,74,62,12,0,0.8378,9.25,7.75,1.5
AtGTP_EFTU,musa acuminata,523,diploid,7,213,80,133,0,0.3756,30.43,11.43,19.0
AtRPB2,Aegilops tauschii,4200,diploid,7,693,54,639,0,0.0779,99.0,7.71,91.29
AtRPB2,Arabidopsis thaliana,135,diploid,6,36,25,11,0,0.6944,6.0,4.17,1.83
AtRPB2,Asparagus officinalis,1200,diploid,6,221,81,140,0,0.3665,36.83,13.5,23.33
AtRPB2,Beta vulgaris,558,diploid,9,155,48,107,0,0.3097,17.22,5.33,11.89
AtRPB2,Brachypodium distachyon,355,diploid,6,86,44,42,0,0.5116,14.33,7.33,7.0
AtRPB2,Brassica napus,976,tetraploid,7,199,95,104,0,0.4774,28.43,13.57,14.86
AtRPB2,Camelina sativa,785,hexaploid,8,238,110,128,0,0.4622,29.75,13.75,16.0
AtRPB2,Ceratopteris richardii,7400,diploid,6,1648,171,1477,0,0.1038,274.67,28.5,246.17
AtRPB2,Chenopodium quinoa,1300,tetraploid,7,587,134,453,0,0.2283,83.86,19.14,64.71
AtRPB2,Cicer arietinum,740,diploid,7,234,83,151,0,0.3547,33.43,11.86,21.57
AtRPB2,Coffea canephora,569,diploid,8,99,19,80,0,0.1919,12.38,2.38,10.0
AtRPB2,Corylus avellana,378,diploid,9,269,115,154,0,0.4275,29.89,12.78,17.11
AtRPB2,Cucumis sativus,367,diploid,9,72,48,24,0,0.6667,8.0,5.33,2.67
AtRPB2,Daucus carota,430,diploid,8,189,73,116,0,0.3862,23.62,9.12,14.5
AtRPB2,Eleusine coracana,1100,tetraploid,6,369,67,302,0,0.1816,61.5,11.17,50.33
AtRPB2,Eruca vesicaria,851,diploid,6,102,8,94,0,0.0784,17.0,1.33,15.67
AtRPB2,Fragaria ananassa,806,octoploid,10,421,259,162,0,0.6152,42.1,25.9,16.2
AtRPB2,Glycine max,1115,diploid,7,690,125,565,0,0.1812,98.57,17.86,80.71
AtRPB2,Gossypium hirsutum,2300,tetraploid,8,558,76,482,0,0.1362,69.75,9.5,60.25
AtRPB2,Helianthus annuus,3000,diploid,9,818,49,769,0,0.0599,90.89,5.44,85.44
AtRPB2,Hordeum vulgare,5100,diploid,7,905,111,794,0,0.1227,129.29,15.86,113.43
AtRPB2,Lactuca sativa,2600,diploid,7,643,48,595,0,0.0747,91.86,6.86,85.0
AtRPB2,Lotus japonicus,554,diploid,7,163,68,95,0,0.4172,23.29,9.71,13.57
AtRPB2,Lupinus angustifolius,924,diploid,7,275,78,197,0,0.2836,39.29,11.14,28.14
AtRPB2,Malus domestica,703,diploid,12,748,182,566,0,0.2433,62.33,15.17,47.17
AtRPB2,Manihot esculenta,750,diploid,8,143,80,63,0,0.5594,17.88,10.0,7.88
AtRPB2,Miscanthus sinensis,2080,diploid,6,549,94,455,0,0.1712,91.5,15.67,75.83
AtRPB2,Panicum miliaceum,835,diploid,6,338,109,229,0,0.3225,56.33,18.17,38.17
AtRPB2,Paspalum notatum,513,diploid,6,253,98,155,0,0.3874,42.17,16.33,25.83
AtRPB2,Phaseolus vulgaris,530,diploid,6,124,46,78,0,0.371,20.67,7.67,13.0
AtRPB2,Pisum sativum,4450,diploid,7,3191,48,3143,0,0.015,455.86,6.86,449.0
AtRPB2,Populus deltoides,425,diploid,9,172,78,94,0,0.4535,19.11,8.67,10.44
AtRPB2,Populus trichocarpa,480,diploid,9,148,70,78,0,0.473,16.44,7.78,8.67
AtRPB2,Prunus persica,272,diploid,11,261,110,151,0,0.4215,23.73,10.0,13.73
AtRPB2,Rubus occidentalis,240,diploid,11,84,44,40,0,0.5238,7.64,4.0,3.64
AtRPB2,Setaria viridis,397,diploid,7,153,50,103,0,0.3268,21.86,7.14,14.71
AtRPB2,Solanum lycopersicum,824,diploid,8,190,49,141,0,0.2579,23.75,6.12,17.62
AtRPB2,Solanum tuberosum,1653,tetraploid,8,283,60,223,0,0.212,35.38,7.5,27.88
AtRPB2,Sorghum bicolor,709,diploid,6,109,39,70,0,0.3578,18.17,6.5,11.67
AtRPB2,Spinacia oleracea,989,diploid,7,202,79,123,0,0.3911,28.86,11.29,17.57
AtRPB2,Thlaspi arvense,539,diploid,6,79,23,56,0,0.2911,13.17,3.83,9.33
AtRPB2,Vicia faba,11900,diploid,6,3133,41,3092,0,0.0131,522.17,6.83,515.33
AtRPB2,Vigna unguiculata,641,diploid,6,154,70,84,0,0.4545,25.67,11.67,14.0
AtRPB2,Vitis vinifera,486,diploid,6,189,103,86,0,0.545,31.5,17.17,14.33
AtRPB2,Zea mays,2500,diploid,5,1207,36,1171,0,0.0298,241.4,7.2,234.2
AtRPB2,brassica rapa,353,diploid,10,200,72,128,0,0.36,20.0,7.2,12.8
AtRPB2,musa acuminata,523,diploid,10,159,100,59,0,0.6289,15.9,10.0,5.9
AtUBQ2,Aegilops tauschii,4200,diploid,12,9278,1692,7586,0,0.1824,773.17,141.0,632.17
AtUBQ2,Arabidopsis thaliana,135,diploid,9,203,192,11,0,0.9458,22.56,21.33,1.22
AtUBQ2,Asparagus officinalis,1200,diploid,5,389,43,346,0,0.1105,77.8,8.6,69.2
AtUBQ2,Beta vulgaris,558,diploid,7,354,142,212,0,0.4011,50.57,20.29,30.29
AtUBQ2,Brachypodium distachyon,355,diploid,12,806,474,332,0,0.5881,67.17,39.5,27.67
AtUBQ2,Brassica napus,976,tetraploid,13,1045,796,249,0,0.7617,80.38,61.23,19.15
AtUBQ2,Camelina sativa,785,hexaploid,7,1109,244,865,0,0.22,158.43,34.86,123.57
AtUBQ2,Ceratopteris richardii,7400,diploid,4,706,222,484,0,0.3144,176.5,55.5,121.0
AtUBQ2,Chenopodium quinoa,1300,tetraploid,9,2489,375,2114,0,0.1507,276.56,41.67,234.89
AtUBQ2,Cicer arietinum,740,diploid,7,151,69,82,0,0.457,21.57,9.86,11.71
AtUBQ2,Coffea canephora,569,diploid,12,943,340,603,0,0.3606,78.58,28.33,50.25
AtUBQ2,Corylus avellana,378,diploid,12,352,259,93,0,0.7358,29.33,21.58,7.75
AtUBQ2,Cucumis sativus,367,diploid,12,180,144,36,0,0.8,15.0,12.0,3.0
AtUBQ2,Daucus carota,430,diploid,4,18,13,5,0,0.7222,4.5,3.25,1.25
AtUBQ2,Eleusine coracana,1100,tetraploid,13,1733,901,832,0,0.5199,133.31,69.31,64.0
AtUBQ2,Eruca vesicaria,851,diploid,11,473,20,453,0,0.0423,43.0,1.82,41.18
AtUBQ2,Fragaria ananassa,806,octoploid,14,1419,502,917,0,0.3538,101.36,35.86,65.5
AtUBQ2,Glycine max,1115,diploid,12,631,393,238,0,0.6228,52.58,32.75,19.83
AtUBQ2,Gossypium hirsutum,2300,tetraploid,6,774,284,490,0,0.3669,129.0,47.33,81.67
AtUBQ2,Helianthus annuus,3000,diploid,12,1645,398,1247,0,0.2419,137.08,33.17,103.92
AtUBQ2,Hordeum vulgare,5100,diploid,12,7239,1280,5959,0,0.1768,603.25,106.67,496.58
AtUBQ2,Lactuca sativa,2600,diploid,7,855,158,697,0,0.1848,122.14,22.57,99.57
AtUBQ2,Lotus japonicus,554,diploid,11,455,247,208,0,0.5429,41.36,22.45,18.91
AtUBQ2,Lupinus angustifolius,924,diploid,10,431,199,232,0,0.4617,43.1,19.9,23.2
AtUBQ2,Malus domestica,703,diploid,11,768,502,266,0,0.6536,69.82,45.64,24.18
AtUBQ2,Manihot esculenta,750,diploid,7,383,218,165,0,0.5692,54.71,31.14,23.57
AtUBQ2,Miscanthus sinensis,2080,diploid,12,2439,954,1485,0,0.3911,203.25,79.5,123.75
AtUBQ2,Panicum miliaceum,835,diploid,13,1903,1070,833,0,0.5623,146.38,82.31,64.08
AtUBQ2,Paspalum notatum,513,diploid,13,1159,793,366,0,0.6842,89.15,61.0,28.15
AtUBQ2,Phaseolus vulgaris,530,diploid,12,695,211,484,0,0.3036,57.92,17.58,40.33
AtUBQ2,Pisum sativum,4450,diploid,10,1237,127,1110,0,0.1027,123.7,12.7,111.0
AtUBQ2,Populus deltoides,425,diploid,10,518,371,147,0,0.7162,51.8,37.1,14.7
AtUBQ2,Populus trichocarpa,480,diploid,10,482,364,118,0,0.7552,48.2,36.4,11.8
AtUBQ2,Prunus persica,272,diploid,10,327,270,57,0,0.8257,32.7,27.0,5.7
AtUBQ2,Rubus occidentalis,240,diploid,13,326,114,212,0,0.3497,25.08,8.77,16.31
AtUBQ2,Setaria viridis,397,diploid,11,993,740,253,0,0.7452,90.27,67.27,23.0
AtUBQ2,Solanum lycopersicum,824,diploid,9,456,154,302,0,0.3377,50.67,17.11,33.56
AtUBQ2,Solanum tuberosum,1653,tetraploid,4,289,96,193,0,0.3322,72.25,24.0,48.25
AtUBQ2,Sorghum bicolor,709,diploid,13,1306,700,606,0,0.536,100.46,53.85,46.62
AtUBQ2,Spinacia oleracea,989,diploid,8,1398,162,1236,0,0.1159,174.75,20.25,154.5
AtUBQ2,Thlaspi arvense,539,diploid,11,658,197,461,0,0.2994,59.82,17.91,41.91
AtUBQ2,Vicia faba,11900,diploid,10,9914,95,9819,0,0.0096,991.4,9.5,981.9
AtUBQ2,Vigna unguiculata,641,diploid,12,361,198,163,0,0.5485,30.08,16.5,13.58
AtUBQ2,Vitis vinifera,486,diploid,13,426,295,131,0,0.6925,32.77,22.69,10.08
AtUBQ2,Zea mays,2500,diploid,11,1560,280,1280,0,0.1795,141.82,25.45,116.36
AtUBQ2,brassica rapa,353,diploid,12,424,370,54,0,0.8726,35.33,30.83,4.5
AtUBQ2,musa acuminata,523,diploid,11,406,311,95,0,0.766,36.91,28.27,8.64
AtRDR1,Aegilops tauschii,4200,diploid,12,3317,226,3091,0,0.0681,276.42,18.83,257.58
AtRDR1,Arabidopsis thaliana,135,diploid,6,47,28,19,0,0.5957,7.83,4.67,3.17
AtRDR1,Asparagus officinalis,1200,diploid,6,909,101,808,0,0.1111,151.5,16.83,134.67
AtRDR1,Beta vulgaris,558,diploid,6,104,24,80,0,0.2308,17.33,4.0,13.33
AtRDR1,Brachypodium distachyon,355,diploid,9,108,52,56,0,0.4815,12.0,5.78,6.22
AtRDR1,Brassica napus,976,tetraploid,8,297,96,201,0,0.3232,37.12,12.0,25.12
AtRDR1,Camelina sativa,785,hexaploid,6,206,92,114,0,0.4466,34.33,15.33,19.0
AtRDR1,Ceratopteris richardii,7400,diploid,9,2161,136,2025,0,0.0629,240.11,15.11,225.0
AtRDR1,Chenopodium quinoa,1300,tetraploid,7,410,123,287,0,0.3,58.57,17.57,41.0
AtRDR1,Cicer arietinum,740,diploid,12,180,67,113,0,0.3722,15.0,5.58,9.42
AtRDR1,Coffea canephora,569,diploid,8,296,83,213,0,0.2804,37.0,10.38,26.62
AtRDR1,Corylus avellana,378,diploid,8,348,114,234,0,0.3276,43.5,14.25,29.25
AtRDR1,Cucumis sativus,367,diploid,8,51,34,17,0,0.6667,6.38,4.25,2.12
AtRDR1,Daucus carota,430,diploid,8,474,159,315,0,0.3354,59.25,19.88,39.38
AtRDR1,Eleusine coracana,1100,tetraploid,7,507,61,446,0,0.1203,72.43,8.71,63.71
AtRDR1,Eruca vesicaria,851,diploid,7,180,7,173,0,0.0389,25.71,1.0,24.71
AtRDR1,Fragaria ananassa,806,octoploid,10,588,262,326,0,0.4456,58.8,26.2,32.6
AtRDR1,Glycine max,1115,diploid,11,591,157,434,0,0.2657,53.73,14.27,39.45
AtRDR1,Gossypium hirsutum,2300,tetraploid,7,5374,177,5197,0,0.0329,767.71,25.29,742.43
AtRDR1,Helianthus annuus,3000,diploid,5,1312,69,1243,0,0.0526,262.4,13.8,248.6
AtRDR1,Hordeum vulgare,5100,diploid,12,1323,80,1243,0,0.0605,110.25,6.67,103.58
AtRDR1,Lactuca sativa,2600,diploid,5,329,21,308,0,0.0638,65.8,4.2,61.6
AtRDR1,Lotus japonicus,554,diploid,12,594,129,465,0,0.2172,49.5,10.75,38.75
AtRDR1,Lupinus angustifolius,924,diploid,9,280,66,214,0,0.2357,31.11,7.33,23.78
AtRDR1,Malus domestica,703,diploid,10,317,117,200,0,0.3691,31.7,11.7,20.0
AtRDR1,Manihot esculenta,750,diploid,6,94,55,39,0,0.5851,15.67,9.17,6.5
AtRDR1,Miscanthus sinensis,2080,diploid,9,782,142,640,0,0.1816,86.89,15.78,71.11
AtRDR1,Panicum miliaceum,835,diploid,10,663,143,520,0,0.2157,66.3,14.3,52.0
AtRDR1,Paspalum notatum,513,diploid,6,213,54,159,0,0.2535,35.5,9.0,26.5
AtRDR1,Phaseolus vulgaris,530,diploid,13,277,84,193,0,0.3032,21.31,6.46,14.85
AtRDR1,Pisum sativum,4450,diploid,12,2218,43,2175,0,0.0194,184.83,3.58,181.25
AtRDR1,Populus deltoides,425,diploid,11,250,80,170,0,0.32,22.73,7.27,15.45
AtRDR1,Populus trichocarpa,480,diploid,11,218,66,152,0,0.3028,19.82,6.0,13.82
AtRDR1,Prunus persica,272,diploid,9,183,92,91,0,0.5027,20.33,10.22,10.11
AtRDR1,Rubus occidentalis,240,diploid,10,211,107,104,0,0.5071,21.1,10.7,10.4
AtRDR1,Setaria viridis,397,diploid,9,219,92,127,0,0.4201,24.33,10.22,14.11
AtRDR1,Solanum lycopersicum,824,diploid,7,357,71,286,0,0.1989,51.0,10.14,40.86
AtRDR1,Solanum tuberosum,1653,tetraploid,8,615,121,494,0,0.1967,76.88,15.12,61.75
AtRDR1,Sorghum bicolor,709,diploid,7,201,44,157,0,0.2189,28.71,6.29,22.43
AtRDR1,Spinacia oleracea,989,diploid,9,366,72,294,0,0.1967,40.67,8.0,32.67
AtRDR1,Thlaspi arvense,539,diploid,6,54,9,45,0,0.1667,9.0,1.5,7.5
AtRDR1,Vicia faba,11900,diploid,12,5354,56,5298,0,0.0105,446.17,4.67,441.5
AtRDR1,Vigna unguiculata,641,diploid,10,262,112,150,0,0.4275,26.2,11.2,15.0
AtRDR1,Vitis vinifera,486,diploid,6,132,48,84,0,0.3636,22.0,8.0,14.0
AtRDR1,Zea mays,2500,diploid,9,643,65,578,0,0.1011,71.44,7.22,64.22
AtRDR1,brassica rapa,353,diploid,8,69,37,32,0,0.5362,8.62,4.62,4.0
AtRDR1,musa acuminata,523,diploid,4,176,77,99,0,0.4375,44.0,19.25,24.75
