gene,species,genome_size_mb,ploidy,found_in_genome,needs_manual_recovery,multicopy_gene,n_guides,ot_total,ot_per_guide,ot_mm0,ot_mm1,ot_mm2,ot_mm3,ot_mm4,ot_genic,ot_intergenic
AtActin,Aegilops tauschii,4200,diploid,True,False,False,7,1483,211.86,1,2,23,108,1349,147,1336
AtActin,Arabidopsis thaliana,135,diploid,True,False,False,8,117,14.62,5,8,20,19,65,102,15
AtActin,Asparagus officinalis,1200,diploid,True,False,False,7,4277,611.0,1,20,228,1904,2124,189,4088
AtActin,Beta vulgaris,558,diploid,True,False,False,9,168,18.67,0,3,6,34,125,65,103
AtActin,Brachypodium distachyon,355,diploid,True,False,False,9,210,23.33,3,9,19,31,148,119,91
AtActin,Brassica napus,976,tetraploid,True,False,False,8,396,49.5,19,22,99,99,157,341,55
AtActin,Camelina sativa,785,hexaploid,True,False,False,6,600,100.0,47,21,49,68,415,287,313
AtActin,Ceratopteris richardii,7400,diploid,True,False,False,8,2701,337.62,0,6,31,221,2443,192,2509
AtActin,Chenopodium quinoa,1300,tetraploid,True,False,False,9,580,64.44,5,4,25,70,476,170,410
AtActin,Cicer arietinum,740,diploid,True,False,False,8,231,28.88,2,10,12,38,169,118,113
AtActin,Coffea canephora,569,diploid,True,False,False,6,172,28.67,0,0,11,42,119,63,109
AtActin,Corylus avellana,378,diploid,True,False,False,7,334,47.71,0,4,8,50,272,156,178
AtActin,Cucumis sativus,367,diploid,True,False,False,6,96,16.0,0,0,11,23,62,64,32
AtActin,Daucus carota,430,diploid,True,False,False,8,268,33.5,3,3,16,48,198,116,152
AtActin,Eleusine coracana,1100,tetraploid,True,False,False,11,743,67.55,20,13,15,118,577,261,482
AtActin,Eruca vesicaria,851,diploid,True,False,False,8,414,51.75,11,29,50,78,246,57,357
AtActin,Fragaria ananassa,806,octoploid,True,False,False,8,781,97.62,40,43,77,101,520,439,342
AtActin,Glycine max,1115,diploid,True,False,False,8,745,93.12,6,8,19,127,585,162,583
AtActin,Gossypium hirsutum,2300,tetraploid,True,False,False,9,2603,289.22,24,40,92,528,1919,398,2205
AtActin,Helianthus annuus,3000,diploid,True,False,False,6,3246,541.0,2,7,16,349,2872,180,3066
AtActin,Hordeum vulgare,5100,diploid,True,False,False,7,9838,1405.43,1,2,102,8799,934,162,9676
AtActin,Lactuca sativa,2600,diploid,True,False,False,9,635,70.56,0,2,7,59,567,54,581
AtActin,Lotus japonicus,554,diploid,True,False,False,10,159,15.9,3,5,11,23,117,96,63
AtActin,Lupinus angustifolius,924,diploid,True,False,False,7,361,51.57,1,10,28,60,262,175,186
AtActin,Malus domestica,703,diploid,True,False,False,8,702,87.75,9,19,21,142,511,180,522
AtActin,Manihot esculenta,750,diploid,True,False,False,9,289,32.11,4,14,35,35,201,160,129
AtActin,Miscanthus sinensis,2080,diploid,True,False,False,11,1563,142.09,2,20,40,139,1362,333,1230
AtActin,Panicum miliaceum,835,diploid,True,False,False,11,1034,94.0,12,16,30,101,875,519,515
AtActin,Paspalum notatum,513,diploid,True,False,False,9,366,40.67,2,11,15,38,300,141,225
AtActin,Phaseolus vulgaris,530,diploid,True,False,False,7,125,17.86,0,10,6,14,95,72,53
AtActin,Pisum sativum,4450,diploid,True,False,False,7,3418,488.29,0,21,95,594,2708,111,3307
AtActin,Populus deltoides,425,diploid,True,False,False,9,169,18.78,7,13,25,20,104,99,70
AtActin,Populus trichocarpa,480,diploid,True,False,False,9,270,30.0,8,19,22,41,180,161,109
AtActin,Prunus persica,272,diploid,True,False,False,7,173,24.71,2,4,22,37,108,71,102
AtActin,Rubus occidentalis,240,diploid,True,False,False,7,284,40.57,0,6,10,33,235,111,173
AtActin,Setaria viridis,397,diploid,True,False,False,9,332,36.89,1,6,13,41,271,111,221
AtActin,Solanum lycopersicum,824,diploid,True,False,False,7,267,38.14,2,7,15,35,208,81,186
AtActin,Solanum tuberosum,1653,tetraploid,True,False,False,8,357,44.62,0,10,23,47,277,113,244
AtActin,Sorghum bicolor,709,diploid,True,False,False,11,335,30.45,0,6,16,51,262,155,180
AtActin,Spinacia oleracea,989,diploid,True,False,False,7,137,19.57,0,0,9,43,85,74,63
AtActin,Thlaspi arvense,539,diploid,True,False,False,9,152,16.89,0,11,13,25,103,80,72
AtActin,Vicia faba,11900,diploid,True,False,False,7,10716,1530.86,0,4,34,820,9858,98,10618
AtActin,Vigna unguiculata,641,diploid,True,False,False,7,220,31.43,0,2,10,26,182,71,149
AtActin,Vitis vinifera,486,diploid,True,False,False,7,351,50.14,2,5,18,31,295,135,216
AtActin,Zea mays,2500,diploid,True,False,False,11,2390,217.27,11,37,45,176,2121,324,2066
AtActin,brassica rapa,353,diploid,True,False,False,8,180,22.5,1,20,41,41,77,158,22
AtActin,musa acuminata,523,diploid,True,False,False,7,295,42.14,5,15,50,67,158,213,82
AtAPRT,Aegilops tauschii,4200,diploid,True,False,False,8,931,116.38,0,0,4,37,890,91,840
AtAPRT,Arabidopsis thaliana,135,diploid,True,False,False,6,79,13.17,0,0,4,12,63,58,21
AtAPRT,Asparagus officinalis,1200,diploid,True,False,False,10,1392,139.2,0,0,22,124,1246,190,1202
AtAPRT,Beta vulgaris,558,diploid,True,False,False,4,122,30.5,0,1,3,11,107,31,91
AtAPRT,Brachypodium distachyon,355,diploid,True,False,False,8,108,13.5,0,0,0,8,100,50,58
AtAPRT,Brassica napus,976,tetraploid,True,False,False,4,340,85.0,0,2,8,59,271,130,210
AtAPRT,Camelina sativa,785,hexaploid,True,False,False,5,599,119.8,10,0,8,41,540,140,459
AtAPRT,Ceratopteris richardii,7400,diploid,True,False,False,9,2316,257.33,13,10,128,297,1868,132,2184
AtAPRT,Chenopodium quinoa,1300,tetraploid,True,False,False,3,153,51.0,1,2,16,16,118,39,114
AtAPRT,Cicer arietinum,740,diploid,True,False,False,8,128,16.0,0,2,5,14,107,52,76
AtAPRT,Coffea canephora,569,diploid,True,False,False,6,174,29.0,0,0,1,13,160,53,121
AtAPRT,Corylus avellana,378,diploid,True,False,False,7,263,37.57,0,0,7,38,218,58,205
AtAPRT,Cucumis sativus,367,diploid,True,False,False,5,71,14.2,0,0,4,8,59,35,36
AtAPRT,Daucus carota,430,diploid,True,False,False,4,124,31.0,0,0,2,8,114,50,74
AtAPRT,Eleusine coracana,1100,tetraploid,True,False,False,14,1267,90.5,6,8,17,154,1082,368,899
AtAPRT,Eruca vesicaria,851,diploid,True,False,False,4,302,75.5,3,1,3,24,271,10,292
AtAPRT,Fragaria ananassa,806,octoploid,True,False,False,8,345,43.12,23,1,4,34,283,180,165
AtAPRT,Glycine max,1115,diploid,True,False,False,7,363,51.86,19,30,9,35,270,99,264
AtAPRT,Gossypium hirsutum,2300,tetraploid,True,False,False,6,647,107.83,4,2,7,53,581,120,527
AtAPRT,Helianthus annuus,3000,diploid,True,False,False,6,1176,196.0,5,9,10,42,1110,89,1087
AtAPRT,Hordeum vulgare,5100,diploid,True,False,False,9,775,86.11,9,0,6,51,709,67,708
AtAPRT,Lactuca sativa,2600,diploid,True,False,False,8,355,44.38,0,0,6,28,321,40,315
AtAPRT,Lotus japonicus,554,diploid,True,False,False,8,208,26.0,0,0,0,13,195,76,132
AtAPRT,Lupinus angustifolius,924,diploid,True,False,False,6,281,46.83,0,0,2,25,254,69,212
AtAPRT,Malus domestica,703,diploid,True,False,False,9,561,62.33,1,2,14,63,481,167,394
AtAPRT,Manihot esculenta,750,diploid,True,False,False,7,42,6.0,3,2,2,5,30,27,15
AtAPRT,Miscanthus sinensis,2080,diploid,True,False,False,11,2477,225.18,3,6,29,243,2196,155,2322
AtAPRT,Panicum miliaceum,835,diploid,True,False,False,9,408,45.33,5,2,2,29,370,72,336
AtAPRT,Paspalum notatum,513,diploid,True,False,False,7,421,60.14,0,0,7,92,322,65,356
AtAPRT,Phaseolus vulgaris,530,diploid,True,False,False,6,121,20.17,0,0,2,11,108,37,84
AtAPRT,Pisum sativum,4450,diploid,True,False,False,7,2915,416.43,0,0,17,1135,1763,38,2877
AtAPRT,Populus deltoides,425,diploid,True,False,False,6,232,38.67,0,0,3,20,209,82,150
AtAPRT,Populus trichocarpa,480,diploid,True,False,False,6,174,29.0,0,0,1,14,159,68,106
AtAPRT,Prunus persica,272,diploid,True,False,False,8,424,53.0,7,1,3,23,390,76,348
AtAPRT,Rubus occidentalis,240,diploid,True,False,False,10,236,23.6,0,0,4,30,202,96,140
AtAPRT,Setaria viridis,397,diploid,True,False,False,9,189,21.0,0,0,3,10,176,64,125
AtAPRT,Solanum lycopersicum,824,diploid,True,False,False,5,815,163.0,0,0,16,116,683,115,700
AtAPRT,Solanum tuberosum,1653,tetraploid,True,False,False,5,884,176.8,2,1,12,82,787,131,753
AtAPRT,Sorghum bicolor,709,diploid,True,False,False,11,488,44.36,0,0,5,54,429,145,343
AtAPRT,Spinacia oleracea,989,diploid,True,False,False,4,72,18.0,0,0,1,5,66,23,49
AtAPRT,Thlaspi arvense,539,diploid,True,False,False,6,142,23.67,0,0,1,19,122,38,104
AtAPRT,Vicia faba,11900,diploid,True,False,False,5,1254,250.8,0,0,0,35,1219,13,1241
AtAPRT,Vigna unguiculata,641,diploid,True,False,False,7,167,23.86,0,0,2,12,153,43,124
AtAPRT,Vitis vinifera,486,diploid,True,False,False,6,242,40.33,0,1,2,29,210,94,148
AtAPRT,Zea mays,2500,diploid,True,False,False,12,758,63.17,3,5,14,65,671,135,623
AtAPRT,brassica rapa,353,diploid,True,False,False,4,122,30.5,0,0,2,21,99,73,49
AtAPRT,musa acuminata,523,diploid,True,False,False,14,332,23.71,3,5,20,33,271,178,154
AtEF1a,Aegilops tauschii,4200,diploid,True,False,False,15,2415,161.0,33,17,27,162,2176,317,2098
AtEF1a,Arabidopsis thaliana,135,diploid,True,False,False,12,93,7.75,30,5,2,6,50,81,12
AtEF1a,Asparagus officinalis,1200,diploid,True,False,False,14,362,25.86,0,1,10,44,307,77,285
AtEF1a,Beta vulgaris,558,diploid,True,False,False,12,398,33.17,20,29,8,113,228,136,262
AtEF1a,Brachypodium distachyon,355,diploid,True,False,False,15,308,20.53,48,15,4,25,216,177,131
AtEF1a,Brassica napus,976,tetraploid,True,False,False,13,662,50.92,46,180,60,109,267,453,209
AtEF1a,Camelina sativa,785,hexaploid,True,False,False,11,535,48.64,152,42,5,27,309,311,224
AtEF1a,Ceratopteris richardii,7400,diploid,True,False,False,12,2507,208.92,2,25,76,326,2078,204,2303
AtEF1a,Chenopodium quinoa,1300,tetraploid,True,False,False,11,459,41.73,7,8,59,88,297,215,244
AtEF1a,Cicer arietinum,740,diploid,True,False,False,11,178,16.18,11,27,23,26,91,131,47
AtEF1a,Coffea canephora,569,diploid,True,False,False,15,273,18.2,11,13,4,28,217,82,191
AtEF1a,Corylus avellana,378,diploid,True,False,False,15,264,17.6,5,15,16,36,192,149,115
AtEF1a,Cucumis sativus,367,diploid,True,False,False,9,70,7.78,0,4,8,10,48,45,25
AtEF1a,Daucus carota,430,diploid,True,False,False,11,170,15.45,2,10,12,29,117,104,66
AtEF1a,Eleusine coracana,1100,tetraploid,True,False,False,11,571,51.91,45,53,42,54,377,241,330
AtEF1a,Eruca vesicaria,851,diploid,True,False,False,12,2188,182.33,56,27,9,933,1163,73,2115
AtEF1a,Fragaria ananassa,806,octoploid,True,False,False,14,707,50.5,103,18,39,163,384,347,360
AtEF1a,Glycine max,1115,diploid,True,False,False,12,692,57.67,13,20,118,163,378,160,532
AtEF1a,Gossypium hirsutum,2300,tetraploid,True,False,False,13,970,74.62,89,73,53,116,639,286,684
AtEF1a,Helianthus annuus,3000,diploid,True,False,False,12,1580,131.67,1,8,26,254,1291,144,1436
AtEF1a,Hordeum vulgare,5100,diploid,True,False,False,14,5783,413.07,56,69,49,375,5234,277,5506
AtEF1a,Lactuca sativa,2600,diploid,True,False,False,7,1419,202.71,0,3,12,191,1213,94,1325
AtEF1a,Lotus japonicus,554,diploid,True,False,False,10,222,22.2,5,20,15,21,161,124,98
AtEF1a,Lupinus angustifolius,924,diploid,True,False,False,10,375,37.5,23,39,19,20,274,137,238
AtEF1a,Malus domestica,703,diploid,True,False,False,14,350,25.0,43,18,18,30,241,175,175
AtEF1a,Manihot esculenta,750,diploid,True,False,False,14,386,27.57,23,25,11,48,279,142,244
AtEF1a,Miscanthus sinensis,2080,diploid,True,False,False,14,2707,193.36,69,41,28,412,2157,482,2225
AtEF1a,Panicum miliaceum,835,diploid,True,False,False,13,682,52.46,91,44,11,38,498,254,428
AtEF1a,Paspalum notatum,513,diploid,True,False,False,13,656,50.46,43,21,20,53,519,195,461
AtEF1a,Phaseolus vulgaris,530,diploid,True,False,False,14,296,21.14,2,5,12,31,246,81,215
AtEF1a,Pisum sativum,4450,diploid,True,False,False,8,7377,922.12,14,10,19,156,7178,59,7318
AtEF1a,Populus deltoides,425,diploid,True,False,False,17,275,16.18,29,52,33,27,134,178,97
AtEF1a,Populus trichocarpa,480,diploid,True,False,False,16,267,16.69,51,35,19,12,150,169,98
AtEF1a,Prunus persica,272,diploid,True,False,False,15,221,14.73,21,18,6,23,153,130,91
AtEF1a,Rubus occidentalis,240,diploid,True,False,False,11,174,15.82,17,9,21,6,121,113,61
AtEF1a,Setaria viridis,397,diploid,True,False,False,14,381,27.21,60,46,17,24,234,227,154
AtEF1a,Solanum lycopersicum,824,diploid,True,False,False,13,371,28.54,21,16,28,68,238,105,266
AtEF1a,Solanum tuberosum,1653,tetraploid,True,False,False,8,357,44.62,0,8,14,39,296,79,278
AtEF1a,Sorghum bicolor,709,diploid,True,False,False,16,386,24.12,0,0,23,53,310,205,181
AtEF1a,Spinacia oleracea,989,diploid,True,False,False,11,438,39.82,68,15,10,31,314,165,273
AtEF1a,Thlaspi arvense,539,diploid,True,False,False,12,265,22.08,14,19,2,16,214,47,218
AtEF1a,Vicia faba,11900,diploid,True,False,False,9,14973,1663.67,14,21,116,976,13846,80,14893
AtEF1a,Vigna unguiculata,641,diploid,True,False,False,11,224,20.36,8,4,17,29,166,83,141
AtEF1a,Vitis vinifera,486,diploid,True,False,False,13,405,31.15,19,16,36,62,272,191,214
AtEF1a,Zea mays,2500,diploid,True,False,False,13,1231,94.69,55,29,33,74,1040,308,923
AtEF1a,brassica rapa,353,diploid,True,False,False,10,225,22.5,46,17,13,22,127,170,55
AtEF1a,musa acuminata,523,diploid,True,False,False,13,357,27.46,1,8,25,42,281,187,170
AtHSP70,Aegilops tauschii,4200,diploid,True,False,False,8,9673,1209.12,15,9,95,1822,7732,758,8915
AtHSP70,Arabidopsis thaliana,135,diploid,True,False,False,5,120,24.0,2,6,7,20,85,106,14
AtHSP70,Asparagus officinalis,1200,diploid,True,False,False,6,1245,207.5,7,20,25,173,1020,201,1044
AtHSP70,Beta vulgaris,558,diploid,True,False,False,8,318,39.75,0,4,6,57,251,122,196
AtHSP70,Brachypodium distachyon,355,diploid,True,False,False,10,660,66.0,2,7,21,98,532,391,269
AtHSP70,Brassica napus,976,tetraploid,True,False,False,4,688,172.0,27,14,21,87,539,414,274
AtHSP70,Camelina sativa,785,hexaploid,True,False,False,5,621,124.2,43,36,53,79,410,320,301
AtHSP70,Ceratopteris richardii,7400,diploid,True,False,False,1,0,0.0,0,0,0,0,0,0,0
AtHSP70,Chenopodium quinoa,1300,tetraploid,True,False,False,3,514,171.33,3,6,20,76,409,164,350
AtHSP70,Cicer arietinum,740,diploid,True,False,False,5,370,74.0,5,0,5,55,305,125,245
AtHSP70,Coffea canephora,569,diploid,True,False,False,3,228,76.0,0,0,6,37,185,90,138
AtHSP70,Corylus avellana,378,diploid,True,False,False,7,267,38.14,0,0,8,44,215,147,120
AtHSP70,Cucumis sativus,367,diploid,True,False,False,4,145,36.25,0,0,7,22,116,70,75
AtHSP70,Daucus carota,430,diploid,True,False,False,5,230,46.0,2,9,9,31,179,126,104
AtHSP70,Eleusine coracana,1100,tetraploid,True,False,False,6,2806,467.67,14,7,86,781,1918,533,2273
AtHSP70,Eruca vesicaria,851,diploid,True,False,False,5,946,189.2,16,17,23,522,368,60,886
AtHSP70,Fragaria ananassa,806,octoploid,True,False,False,5,735,147.0,9,9,14,124,579,482,253
AtHSP70,Glycine max,1115,diploid,True,False,False,5,656,131.2,0,9,14,74,559,217,439
AtHSP70,Gossypium hirsutum,2300,tetraploid,True,False,False,2,699,349.5,0,0,14,106,579,174,525
AtHSP70,Helianthus annuus,3000,diploid,True,False,False,6,2762,460.33,0,2,74,579,2107,146,2616
AtHSP70,Hordeum vulgare,5100,diploid,True,False,False,9,3682,409.11,9,10,22,290,3351,112,3570
AtHSP70,Lactuca sativa,2600,diploid,True,False,False,6,2084,347.33,9,3,82,389,1601,174,1910
AtHSP70,Lotus japonicus,554,diploid,True,False,False,4,1047,261.75,0,1,31,172,843,311,736
AtHSP70,Lupinus angustifolius,924,diploid,True,False,False,6,506,84.33,3,4,18,62,419,175,331
AtHSP70,Malus domestica,703,diploid,True,False,False,6,266,44.33,0,2,10,22,232,89,177
AtHSP70,Manihot esculenta,750,diploid,True,False,False,5,641,128.2,1,4,9,69,558,181,460
AtHSP70,Miscanthus sinensis,2080,diploid,True,False,False,8,5406,675.75,14,12,142,804,4434,1175,4231
AtHSP70,Panicum miliaceum,835,diploid,True,False,False,8,2815,351.88,25,21,51,326,2392,1053,1762
AtHSP70,Paspalum notatum,513,diploid,True,False,False,9,742,82.44,0,7,6,91,638,315,427
AtHSP70,Phaseolus vulgaris,530,diploid,True,False,False,7,571,81.57,0,2,9,121,439,204,367
AtHSP70,Pisum sativum,4450,diploid,True,False,False,4,2892,723.0,6,5,13,152,2716,91,2801
AtHSP70,Populus deltoides,425,diploid,True,False,False,5,161,32.2,2,6,9,30,114,105,56
AtHSP70,Populus trichocarpa,480,diploid,True,False,False,5,188,37.6,0,1,12,33,142,94,94
AtHSP70,Prunus persica,272,diploid,True,False,False,6,146,24.33,0,1,5,17,123,69,77
AtHSP70,Rubus occidentalis,240,diploid,True,False,False,10,1401,140.1,1,1,44,261,1094,857,544
AtHSP70,Setaria viridis,397,diploid,True,False,False,6,1020,170.0,4,6,22,166,822,347,673
AtHSP70,Solanum lycopersicum,824,diploid,True,False,False,7,644,92.0,0,0,14,69,561,110,534
AtHSP70,Solanum tuberosum,1653,tetraploid,True,False,False,9,938,104.22,0,2,18,104,814,188,750
AtHSP70,Sorghum bicolor,709,diploid,True,False,False,8,4304,538.0,5,29,416,975,2879,826,3478
AtHSP70,Spinacia oleracea,989,diploid,True,False,False,4,952,238.0,0,1,30,68,853,135,817
AtHSP70,Thlaspi arvense,539,diploid,True,False,False,5,606,121.2,4,4,16,259,323,97,509
AtHSP70,Vicia faba,11900,diploid,True,False,False,4,4066,1016.5,5,8,89,421,3543,78,3988
AtHSP70,Vigna unguiculata,641,diploid,True,False,False,8,589,73.62,0,1,12,57,519,178,411
AtHSP70,Vitis vinifera,486,diploid,True,False,False,7,447,63.86,0,0,16,96,335,214,233
AtHSP70,Zea mays,2500,diploid,True,False,False,7,4577,653.86,2,24,40,682,3829,716,3861
AtHSP70,brassica rapa,353,diploid,True,False,False,4,233,58.25,9,11,9,37,167,198,35
AtHSP70,musa acuminata,523,diploid,True,False,False,4,336,84.0,0,3,9,46,278,154,182
AtTubulin,Aegilops tauschii,4200,diploid,True,False,False,14,6764,483.14,2,12,46,542,6162,753,6011
AtTubulin,Arabidopsis thaliana,135,diploid,True,False,False,11,150,13.64,0,0,9,29,112,117,33
AtTubulin,Asparagus officinalis,1200,diploid,True,False,False,13,788,60.62,0,7,16,119,646,262,526
AtTubulin,Beta vulgaris,558,diploid,True,False,False,6,346,57.67,0,4,6,43,293,133,213
AtTubulin,Brachypodium distachyon,355,diploid,True,False,False,11,230,20.91,0,0,10,34,186,126,104
AtTubulin,Brassica napus,976,tetraploid,True,False,False,9,1838,204.22,26,34,78,289,1411,897,941
AtTubulin,Camelina sativa,785,hexaploid,True,False,False,13,774,59.54,3,9,35,157,570,468,306
AtTubulin,Ceratopteris richardii,7400,diploid,True,False,False,14,15333,1095.21,16,19,110,3368,11820,683,14650
AtTubulin,Chenopodium quinoa,1300,tetraploid,True,False,False,6,974,162.33,0,9,22,122,821,450,524
AtTubulin,Cicer arietinum,740,diploid,True,False,False,6,322,53.67,0,1,12,44,265,150,172
AtTubulin,Coffea canephora,569,diploid,True,False,False,11,256,23.27,2,3,12,36,203,104,152
AtTubulin,Corylus avellana,378,diploid,True,False,False,10,381,38.1,0,6,20,93,262,156,225
AtTubulin,Cucumis sativus,367,diploid,True,False,False,13,186,14.31,0,6,3,29,148,133,53
AtTubulin,Daucus carota,430,diploid,True,False,False,9,273,30.33,4,8,23,32,206,153,120
AtTubulin,Eleusine coracana,1100,tetraploid,True,False,False,11,799,72.64,4,15,29,123,628,192,607
AtTubulin,Eruca vesicaria,851,diploid,True,False,False,8,941,117.62,2,7,33,202,697,85,856
AtTubulin,Fragaria ananassa,806,octoploid,True,False,False,9,1003,111.44,35,21,35,239,673,625,378
AtTubulin,Glycine max,1115,diploid,True,False,False,13,1354,104.15,14,36,34,97,1173,409,945
AtTubulin,Gossypium hirsutum,2300,tetraploid,True,False,False,7,1802,257.43,11,70,85,525,1111,445,1357
AtTubulin,Helianthus annuus,3000,diploid,True,False,False,10,2493,249.3,1,20,103,398,1971,273,2220
AtTubulin,Hordeum vulgare,5100,diploid,True,False,False,15,13957,930.47,31,9,63,634,13220,650,13307
AtTubulin,Lactuca sativa,2600,diploid,True,False,False,7,1710,244.29,8,29,60,188,1425,243,1467
AtTubulin,Lotus japonicus,554,diploid,True,False,False,9,740,82.22,0,4,14,85,637,279,461
AtTubulin,Lupinus angustifolius,924,diploid,True,False,False,11,585,53.18,0,16,38,128,403,200,385
AtTubulin,Malus domestica,703,diploid,True,False,False,10,780,78.0,2,7,13,148,610,249,531
AtTubulin,Manihot esculenta,750,diploid,True,False,False,9,458,50.89,7,9,29,70,343,234,224
AtTubulin,Miscanthus sinensis,2080,diploid,True,False,False,13,2255,173.46,6,13,45,238,1953,357,1898
AtTubulin,Panicum miliaceum,835,diploid,True,False,False,16,1692,105.75,5,21,32,180,1454,642,1050
AtTubulin,Paspalum notatum,513,diploid,True,False,False,15,1130,75.33,0,9,34,128,959,372,758
AtTubulin,Phaseolus vulgaris,530,diploid,True,False,False,11,325,29.55,0,4,12,46,263,116,209
AtTubulin,Pisum sativum,4450,diploid,True,False,False,10,2879,287.9,2,6,77,279,2515,142,2737
AtTubulin,Populus deltoides,425,diploid,True,False,False,12,764,63.67,10,14,38,80,622,263,501
AtTubulin,Populus trichocarpa,480,diploid,True,False,False,12,636,53.0,7,9,26,69,525,237,399
AtTubulin,Prunus persica,272,diploid,True,False,False,9,247,27.44,2,1,12,32,200,149,98
AtTubulin,Rubus occidentalis,240,diploid,True,False,False,16,463,28.94,0,9,22,38,394,176,287
AtTubulin,Setaria viridis,397,diploid,True,False,False,12,388,32.33,0,1,2,52,333,141,247
AtTubulin,Solanum lycopersicum,824,diploid,True,False,False,9,774,86.0,0,3,24,257,490,126,648
AtTubulin,Solanum tuberosum,1653,tetraploid,True,False,False,7,529,75.57,0,0,14,88,427,158,371
AtTubulin,Sorghum bicolor,709,diploid,True,False,False,13,680,52.31,0,11,31,87,551,189,491
AtTubulin,Spinacia oleracea,989,diploid,True,False,False,8,507,63.38,0,6,14,72,415,172,335
AtTubulin,Thlaspi arvense,539,diploid,True,False,False,9,515,57.22,3,7,11,75,419,145,370
AtTubulin,Vicia faba,11900,diploid,True,False,False,9,9474,1052.67,0,10,75,857,8532,112,9362
AtTubulin,Vigna unguiculata,641,diploid,True,False,False,14,845,60.36,1,9,30,70,735,235,610
AtTubulin,Vitis vinifera,486,diploid,True,False,False,7,341,48.71,0,6,13,54,268,170,171
AtTubulin,Zea mays,2500,diploid,True,False,False,14,3925,280.36,8,17,30,141,3729,248,3677
AtTubulin,brassica rapa,353,diploid,True,False,False,10,585,58.5,11,19,28,94,433,390,195
AtTubulin,musa acuminata,523,diploid,True,False,False,16,443,27.69,3,13,18,79,330,300,143
AtHistone4,Aegilops tauschii,4200,diploid,True,False,True,11,14102,1282.0,127,164,103,4070,9638,1277,12825
AtHistone4,Arabidopsis thaliana,135,diploid,True,False,True,6,48,8.0,8,1,13,10,16,46,2
AtHistone4,Asparagus officinalis,1200,diploid,True,False,True,12,1068,89.0,21,8,15,38,986,144,924
AtHistone4,Beta vulgaris,558,diploid,True,False,True,3,100,33.33,7,13,5,10,65,40,60
AtHistone4,Brachypodium distachyon,355,diploid,True,False,True,10,918,91.8,31,52,48,112,675,658,260
AtHistone4,Brassica napus,976,tetraploid,True,False,True,6,815,135.83,14,35,62,119,585,560,255
AtHistone4,Camelina sativa,785,hexaploid,True,False,True,7,211,30.14,8,23,38,54,88,166,45
AtHistone4,Ceratopteris richardii,7400,diploid,True,False,True,7,806,115.14,0,1,12,64,729,160,646
AtHistone4,Chenopodium quinoa,1300,tetraploid,True,False,True,3,44,14.67,3,9,7,2,23,28,16
AtHistone4,Cicer arietinum,740,diploid,True,False,True,4,51,12.75,1,6,4,7,33,33,18
AtHistone4,Coffea canephora,569,diploid,True,False,True,9,75,8.33,0,1,3,12,59,37,38
AtHistone4,Corylus avellana,378,diploid,True,False,True,5,66,13.2,8,3,3,7,45,42,24
AtHistone4,Cucumis sativus,367,diploid,True,False,True,6,151,25.17,4,6,10,10,121,94,57
AtHistone4,Daucus carota,430,diploid,True,False,True,7,125,17.86,4,11,14,29,67,100,25
AtHistone4,Eleusine coracana,1100,tetraploid,True,False,True,12,2380,198.33,105,94,61,208,1912,1114,1266
AtHistone4,Eruca vesicaria,851,diploid,True,False,True,4,94,23.5,2,20,2,20,50,21,73
AtHistone4,Fragaria ananassa,806,octoploid,True,False,True,6,315,52.5,40,24,6,57,188,173,142
AtHistone4,Glycine max,1115,diploid,True,False,True,7,235,33.57,4,21,46,38,126,110,125
AtHistone4,Gossypium hirsutum,2300,tetraploid,True,False,True,9,599,66.56,2,30,38,87,442,210,389
AtHistone4,Helianthus annuus,3000,diploid,True,False,True,7,510,72.86,14,24,43,79,350,157,353
AtHistone4,Hordeum vulgare,5100,diploid,True,False,True,12,7102,591.83,486,177,113,578,5748,1551,5551
AtHistone4,Lactuca sativa,2600,diploid,True,False,True,7,517,73.86,8,32,44,52,381,138,379
AtHistone4,Lotus japonicus,554,diploid,True,False,True,10,177,17.7,1,7,17,37,115,87,90
AtHistone4,Lupinus angustifolius,924,diploid,True,False,True,3,305,101.67,6,7,11,12,269,77,228
AtHistone4,Malus domestica,703,diploid,True,False,True,9,595,66.11,0,3,18,112,462,85,510
AtHistone4,Manihot esculenta,750,diploid,True,False,True,7,53,7.57,0,3,3,2,45,29,24
AtHistone4,Miscanthus sinensis,2080,diploid,True,False,True,10,4483,448.3,82,74,54,402,3871,1190,3293
AtHistone4,Panicum miliaceum,835,diploid,True,False,True,10,2315,231.5,88,36,46,262,1883,1238,1077
AtHistone4,Paspalum notatum,513,diploid,True,False,True,12,1751,145.92,62,38,26,142,1483,801,950
AtHistone4,Phaseolus vulgaris,530,diploid,True,False,True,7,117,16.71,0,5,1,8,103,35,82
AtHistone4,Pisum sativum,4450,diploid,True,False,True,6,678,113.0,4,2,16,29,627,64,614
AtHistone4,Populus deltoides,425,diploid,True,False,True,4,45,11.25,0,9,11,6,19,37,8
AtHistone4,Populus trichocarpa,480,diploid,True,False,True,4,45,11.25,3,10,5,15,12,36,9
AtHistone4,Prunus persica,272,diploid,True,False,True,7,129,18.43,11,5,6,20,87,64,65
AtHistone4,Rubus occidentalis,240,diploid,True,False,True,9,105,11.67,14,8,15,28,40,38,67
AtHistone4,Setaria viridis,397,diploid,True,False,True,12,1280,106.67,67,25,19,137,1032,759,521
AtHistone4,Solanum lycopersicum,824,diploid,True,False,True,5,104,20.8,8,10,12,18,56,65,39
AtHistone4,Solanum tuberosum,1653,tetraploid,True,False,True,5,107,21.4,9,13,6,11,68,53,54
AtHistone4,Sorghum bicolor,709,diploid,True,False,True,12,1818,151.5,61,49,32,216,1460,876,942
AtHistone4,Spinacia oleracea,989,diploid,True,False,True,6,96,16.0,13,14,9,11,49,48,48
AtHistone4,Thlaspi arvense,539,diploid,True,False,True,10,143,14.3,5,16,19,36,67,60,83
AtHistone4,Vicia faba,11900,diploid,True,False,True,3,306,102.0,10,10,15,36,235,52,254
AtHistone4,Vigna unguiculata,641,diploid,True,False,True,4,74,18.5,0,4,7,10,53,42,32
AtHistone4,Vitis vinifera,486,diploid,True,False,True,8,106,13.25,1,5,16,18,66,68,38
AtHistone4,Zea mays,2500,diploid,True,False,True,9,1674,186.0,24,35,42,91,1482,466,1208
AtHistone4,brassica rapa,353,diploid,True,False,True,6,234,39.0,5,10,22,36,161,153,81
AtHistone4,musa acuminata,523,diploid,True,False,True,8,142,17.75,0,7,23,24,88,110,32
AtGTP_EFTU,Aegilops tauschii,4200,diploid,True,False,False,9,1335,148.33,2,8,11,105,1209,124,1211
AtGTP_EFTU,Arabidopsis thaliana,135,diploid,True,False,False,6,25,4.17,0,0,4,3,18,20,5
AtGTP_EFTU,Asparagus officinalis,1200,diploid,True,False,False,7,528,75.43,0,1,7,108,412,125,403
AtGTP_EFTU,Beta vulgaris,558,diploid,True,False,False,8,156,19.5,0,0,0,10,146,56,100
AtGTP_EFTU,Brachypodium distachyon,355,diploid,True,False,False,7,120,17.14,0,0,4,8,108,61,59
AtGTP_EFTU,Brassica napus,976,tetraploid,True,False,False,8,231,28.88,33,10,23,26,139,156,75
AtGTP_EFTU,Camelina sativa,785,hexaploid,True,False,False,6,148,24.67,8,3,21,21,95,84,64
AtGTP_EFTU,Ceratopteris richardii,7400,diploid,True,False,False,8,6543,817.88,0,1,45,461,6036,467,6076
AtGTP_EFTU,Chenopodium quinoa,1300,tetraploid,True,False,False,10,361,36.1,10,2,9,35,305,140,221
AtGTP_EFTU,Cicer arietinum,740,diploid,True,False,False,7,96,13.71,0,1,2,17,76,45,51
AtGTP_EFTU,Coffea canephora,569,diploid,True,False,False,9,321,35.67,0,0,4,45,272,84,237
AtGTP_EFTU,Corylus avellana,378,diploid,True,False,False,8,213,26.62,0,0,4,18,191,84,129
AtGTP_EFTU,Cucumis sativus,367,diploid,True,False,False,5,130,26.0,0,0,3,22,105,54,76
AtGTP_EFTU,Daucus carota,430,diploid,True,False,False,10,212,21.2,0,5,20,34,153,92,120
AtGTP_EFTU,Eleusine coracana,1100,tetraploid,True,False,False,9,406,45.11,8,2,5,104,287,55,351
AtGTP_EFTU,Eruca vesicaria,851,diploid,True,False,False,7,244,34.86,4,5,7,17,211,16,228
AtGTP_EFTU,Fragaria ananassa,806,octoploid,True,False,False,6,531,88.5,8,8,5,58,452,213,318
AtGTP_EFTU,Glycine max,1115,diploid,True,False,False,7,402,57.43,9,1,14,53,325,119,283
AtGTP_EFTU,Gossypium hirsutum,2300,tetraploid,True,False,False,10,450,45.0,5,4,3,60,378,115,335
AtGTP_EFTU,Helianthus annuus,3000,diploid,True,False,False,8,3380,422.5,0,1,34,159,3186,132,3248
AtGTP_EFTU,Hordeum vulgare,5100,diploid,True,False,False,9,2748,305.33,0,3,34,256,2455,102,2646
AtGTP_EFTU,Lactuca sativa,2600,diploid,True,False,False,8,621,77.62,2,4,5,65,545,48,573
AtGTP_EFTU,Lotus japonicus,554,diploid,True,False,False,7,110,15.71,2,0,2,7,99,33,77
AtGTP_EFTU,Lupinus angustifolius,924,diploid,True,False,False,8,204,25.5,5,3,3,22,171,91,113
AtGTP_EFTU,Malus domestica,703,diploid,True,False,False,9,284,31.56,6,2,9,34,233,75,209
AtGTP_EFTU,Manihot esculenta,750,diploid,True,False,False,9,207,23.0,0,5,10,34,158,93,114
AtGTP_EFTU,Miscanthus sinensis,2080,diploid,True,False,False,11,618,56.18,11,3,7,50,547,94,524
AtGTP_EFTU,Panicum miliaceum,835,diploid,True,False,False,8,303,37.88,8,0,3,21,271,87,216
AtGTP_EFTU,Paspalum notatum,513,diploid,True,False,False,7,356,50.86,0,0,3,41,312,69,287
AtGTP_EFTU,Phaseolus vulgaris,530,diploid,True,False,False,8,236,29.5,0,0,3,35,198,68,168
AtGTP_EFTU,Pisum sativum,4450,diploid,True,False,False,6,404,67.33,0,1,15,21,367,30,374
AtGTP_EFTU,Populus deltoides,425,diploid,True,False,False,8,133,16.62,2,10,2,7,112,60,73
AtGTP_EFTU,Populus trichocarpa,480,diploid,True,False,False,8,107,13.38,4,3,1,10,89,44,63
AtGTP_EFTU,Prunus persica,272,diploid,True,False,False,9,148,16.44,0,0,3,23,122,66,82
AtGTP_EFTU,Rubus occidentalis,240,diploid,True,False,False,8,154,19.25,0,0,8,15,131,66,88
AtGTP_EFTU,Setaria viridis,397,diploid,True,False,False,8,148,18.5,0,0,3,17,128,42,106
AtGTP_EFTU,Solanum lycopersicum,824,diploid,True,False,False,6,396,66.0,0,0,5,46,345,62,334
AtGTP_EFTU,Solanum tuberosum,1653,tetraploid,True,False,False,7,297,42.43,0,0,10,54,233,76,221
AtGTP_EFTU,Sorghum bicolor,709,diploid,True,False,False,11,658,59.82,0,2,1,46,609,66,592
AtGTP_EFTU,Spinacia oleracea,989,diploid,True,False,False,6,147,24.5,0,0,0,18,129,42,105
AtGTP_EFTU,Thlaspi arvense,539,diploid,True,False,False,7,119,17.0,0,2,8,16,93,29,90
AtGTP_EFTU,Vicia faba,11900,diploid,True,False,False,6,4014,669.0,0,1,7,168,3838,34,3980
AtGTP_EFTU,Vigna unguiculata,641,diploid,True,False,False,10,235,23.5,5,0,2,25,203,89,146
AtGTP_EFTU,Vitis vinifera,486,diploid,True,False,False,6,140,23.33,0,3,3,8,126,75,65
AtGTP_EFTU,Zea mays,2500,diploid,True,False,False,11,498,45.27,9,23,28,35,403,110,388
AtGTP_EFTU,brassica rapa,353,diploid,True,False,False,8,74,9.25,1,3,11,12,47,62,12
AtGTP_EFTU,musa acuminata,523,diploid,True,False,False,7,213,30.43,0,3,15,72,123,80,133
AtRPB2,Aegilops tauschii,4200,diploid,True,False,False,7,693,99.0,0,2,3,45,643,54,639
AtRPB2,Arabidopsis thaliana,135,diploid,True,False,False,6,36,6.0,0,1,1,4,30,25,11
AtRPB2,Asparagus officinalis,1200,diploid,True,False,False,6,221,36.83,0,0,4,30,187,81,140
AtRPB2,Beta vulgaris,558,diploid,True,False,False,9,155,17.22,0,0,2,19,134,48,107
AtRPB2,Brachypodium distachyon,355,diploid,True,False,False,6,86,14.33,0,0,0,6,80,44,42
AtRPB2,Brassica napus,976,tetraploid,True,False,False,7,199,28.43,3,7,8,18,163,95,104
AtRPB2,Camelina sativa,785,hexaploid,True,False,False,8,238,29.75,9,7,6,55,161,110,128
AtRPB2,Ceratopteris richardii,7400,diploid,True,False,False,6,1648,274.67,0,1,26,95,1526,171,1477
AtRPB2,Chenopodium quinoa,1300,tetraploid,True,False,False,7,587,83.86,3,4,12,57,511,134,453
AtRPB2,Cicer arietinum,740,diploid,True,False,False,7,234,33.43,9,1,6,63,155,83,151
AtRPB2,Coffea canephora,569,diploid,True,False,False,8,99,12.38,0,0,3,8,88,19,80
AtRPB2,Corylus avellana,378,diploid,True,False,False,9,269,29.89,0,1,3,24,241,115,154
AtRPB2,Cucumis sativus,367,diploid,True,False,False,9,72,8.0,0,0,0,11,61,48,24
AtRPB2,Daucus carota,430,diploid,True,False,False,8,189,23.62,0,0,2,19,168,73,116
AtRPB2,Eleusine coracana,1100,tetraploid,True,False,False,6,369,61.5,19,2,3,38,307,67,302
AtRPB2,Eruca vesicaria,851,diploid,True,False,False,6,102,17.0,0,0,4,10,88,8,94
AtRPB2,Fragaria ananassa,806,octoploid,True,False,False,10,421,42.1,58,3,4,53,303,259,162
AtRPB2,Glycine max,1115,diploid,True,False,False,7,690,98.57,0,7,17,89,577,125,565
AtRPB2,Gossypium hirsutum,2300,tetraploid,True,False,False,8,558,69.75,0,2,4,42,510,76,482
AtRPB2,Helianthus annuus,3000,diploid,True,False,False,9,818,90.89,4,4,2,51,757,49,769
AtRPB2,Hordeum vulgare,5100,diploid,True,False,False,7,905,129.29,0,0,10,276,619,111,794
AtRPB2,Lactuca sativa,2600,diploid,True,False,False,7,643,91.86,0,4,17,70,552,48,595
AtRPB2,Lotus japonicus,554,diploid,True,False,False,7,163,23.29,0,0,4,18,141,68,95
AtRPB2,Lupinus angustifolius,924,diploid,True,False,False,7,275,39.29,0,0,8,42,225,78,197
AtRPB2,Malus domestica,703,diploid,True,False,False,12,748,62.33,0,1,4,114,629,182,566
AtRPB2,Manihot esculenta,750,diploid,True,False,False,8,143,17.88,0,0,1,15,127,80,63
AtRPB2,Miscanthus sinensis,2080,diploid,True,False,False,6,549,91.5,6,0,9,64,470,94,455
AtRPB2,Panicum miliaceum,835,diploid,True,False,False,6,338,56.33,5,0,7,107,219,109,229
AtRPB2,Paspalum notatum,513,diploid,True,False,False,6,253,42.17,0,1,3,8,241,98,155
AtRPB2,Phaseolus vulgaris,530,diploid,True,False,False,6,124,20.67,0,0,4,16,104,46,78
AtRPB2,Pisum sativum,4450,diploid,True,False,False,7,3191,455.86,0,0,31,480,2680,48,3143
AtRPB2,Populus deltoides,425,diploid,True,False,False,9,172,19.11,0,0,1,17,154,78,94
AtRPB2,Populus trichocarpa,480,diploid,True,False,False,9,148,16.44,0,0,1,17,130,70,78
AtRPB2,Prunus persica,272,diploid,True,False,False,11,261,23.73,16,13,15,35,182,110,151
AtRPB2,Rubus occidentalis,240,diploid,True,False,False,11,84,7.64,0,0,1,2,81,44,40
AtRPB2,Setaria viridis,397,diploid,True,False,False,7,153,21.86,0,0,3,18,132,50,103
AtRPB2,Solanum lycopersicum,824,diploid,True,False,False,8,190,23.75,0,0,1,8,181,49,141
AtRPB2,Solanum tuberosum,1653,tetraploid,True,False,False,8,283,35.38,0,0,0,19,264,60,223
AtRPB2,Sorghum bicolor,709,diploid,True,False,False,6,109,18.17,0,0,3,4,102,39,70
AtRPB2,Spinacia oleracea,989,diploid,True,False,False,7,202,28.86,0,0,3,27,172,79,123
AtRPB2,Thlaspi arvense,539,diploid,True,False,False,6,79,13.17,0,0,0,8,71,23,56
AtRPB2,Vicia faba,11900,diploid,True,False,False,6,3133,522.17,0,0,18,181,2934,41,3092
AtRPB2,Vigna unguiculata,641,diploid,True,False,False,6,154,25.67,0,0,3,32,119,70,84
AtRPB2,Vitis vinifera,486,diploid,True,False,False,6,189,31.5,0,0,4,26,159,103,86
AtRPB2,Zea mays,2500,diploid,True,False,False,5,1207,241.4,0,0,3,60,1144,36,1171
AtRPB2,brassica rapa,353,diploid,True,False,False,10,200,20.0,0,1,2,21,176,72,128
AtRPB2,musa acuminata,523,diploid,True,False,False,10,159,15.9,0,2,0,21,136,100,59
AtUBQ2,Aegilops tauschii,4200,diploid,True,False,True,12,9278,773.17,113,402,1245,1873,5645,1692,7586
AtUBQ2,Arabidopsis thaliana,135,diploid,True,False,True,9,203,22.56,5,20,50,40,88,192,11
AtUBQ2,Asparagus officinalis,1200,diploid,True,False,True,5,389,77.8,0,0,4,26,359,43,346
AtUBQ2,Beta vulgaris,558,diploid,True,False,True,7,354,50.57,22,19,22,40,251,142,212
AtUBQ2,Brachypodium distachyon,355,diploid,True,False,True,12,806,67.17,3,64,153,165,421,474,332
AtUBQ2,Brassica napus,976,tetraploid,True,False,True,13,1045,80.38,67,63,148,213,554,796,249
AtUBQ2,Camelina sativa,785,hexaploid,True,False,True,7,1109,158.43,17,32,182,334,544,244,865
AtUBQ2,Ceratopteris richardii,7400,diploid,True,False,True,4,706,176.5,1,10,80,102,513,222,484
AtUBQ2,Chenopodium quinoa,1300,tetraploid,True,False,True,9,2489,276.56,13,18,53,674,1731,375,2114
AtUBQ2,Cicer arietinum,740,diploid,True,False,True,7,151,21.57,1,5,13,20,112,69,82
AtUBQ2,Coffea canephora,569,diploid,True,False,True,12,943,78.58,14,47,105,160,617,340,603
AtUBQ2,Corylus avellana,378,diploid,True,False,True,12,352,29.33,12,48,47,64,181,259,93
AtUBQ2,Cucumis sativus,367,diploid,True,False,True,12,180,15.0,0,10,31,36,103,144,36
AtUBQ2,Daucus carota,430,diploid,True,False,True,4,18,4.5,0,0,0,3,15,13,5
AtUBQ2,Eleusine coracana,1100,tetraploid,True,False,True,13,1733,133.31,30,113,196,328,1066,901,832
AtUBQ2,Eruca vesicaria,851,diploid,True,False,True,11,473,43.0,24,26,65,117,241,20,453
AtUBQ2,Fragaria ananassa,806,octoploid,True,False,True,14,1419,101.36,69,132,250,268,700,502,917
AtUBQ2,Glycine max,1115,diploid,True,False,True,12,631,52.58,14,39,65,109,404,393,238
AtUBQ2,Gossypium hirsutum,2300,tetraploid,True,False,True,6,774,129.0,6,37,54,155,522,284,490
AtUBQ2,Helianthus annuus,3000,diploid,True,False,True,12,1645,137.08,8,19,94,218,1306,398,1247
AtUBQ2,Hordeum vulgare,5100,diploid,True,False,True,12,7239,603.25,146,185,301,938,5669,1280,5959
AtUBQ2,Lactuca sativa,2600,diploid,True,False,True,7,855,122.14,8,12,31,135,669,158,697
AtUBQ2,Lotus japonicus,554,diploid,True,False,True,11,455,41.36,15,7,26,49,358,247,208
AtUBQ2,Lupinus angustifolius,924,diploid,True,False,True,10,431,43.1,13,25,11,58,324,199,232
AtUBQ2,Malus domestica,703,diploid,True,False,True,11,768,69.82,35,96,114,164,359,502,266
AtUBQ2,Manihot esculenta,750,diploid,True,False,True,7,383,54.71,2,20,30,73,258,218,165
AtUBQ2,Miscanthus sinensis,2080,diploid,True,False,True,12,2439,203.25,16,163,240,423,1597,954,1485
AtUBQ2,Panicum miliaceum,835,diploid,True,False,True,13,1903,146.38,105,192,226,328,1052,1070,833
AtUBQ2,Paspalum notatum,513,diploid,True,False,True,13,1159,89.15,35,93,162,229,640,793,366
AtUBQ2,Phaseolus vulgaris,530,diploid,True,False,True,12,695,57.92,2,7,37,98,551,211,484
AtUBQ2,Pisum sativum,4450,diploid,True,False,True,10,1237,123.7,0,2,33,143,1059,127,1110
AtUBQ2,Populus deltoides,425,diploid,True,False,True,10,518,51.8,2,15,55,110,336,371,147
AtUBQ2,Populus trichocarpa,480,diploid,True,False,True,10,482,48.2,11,17,50,97,307,364,118
AtUBQ2,Prunus persica,272,diploid,True,False,True,10,327,32.7,3,26,62,97,139,270,57
AtUBQ2,Rubus occidentalis,240,diploid,True,False,True,13,326,25.08,22,31,49,82,142,114,212
AtUBQ2,Setaria viridis,397,diploid,True,False,True,11,993,90.27,44,104,90,149,606,740,253
AtUBQ2,Solanum lycopersicum,824,diploid,True,False,True,9,456,50.67,0,5,22,73,356,154,302
AtUBQ2,Solanum tuberosum,1653,tetraploid,True,False,True,4,289,72.25,1,4,22,41,221,96,193
AtUBQ2,Sorghum bicolor,709,diploid,True,False,True,13,1306,100.46,46,92,114,207,847,700,606
AtUBQ2,Spinacia oleracea,989,diploid,True,False,True,8,1398,174.75,10,12,22,1170,184,162,1236
AtUBQ2,Thlaspi arvense,539,diploid,True,False,True,11,658,59.82,6,17,52,62,521,197,461
AtUBQ2,Vicia faba,11900,diploid,True,False,True,10,9914,991.4,0,1,17,214,9682,95,9819
AtUBQ2,Vigna unguiculata,641,diploid,True,False,True,12,361,30.08,0,9,32,57,263,198,163
AtUBQ2,Vitis vinifera,486,diploid,True,False,True,13,426,32.77,5,15,37,87,282,295,131
AtUBQ2,Zea mays,2500,diploid,True,False,True,11,1560,141.82,31,37,50,125,1317,280,1280
AtUBQ2,brassica rapa,353,diploid,True,False,True,12,424,35.33,33,36,55,82,218,370,54
AtUBQ2,musa acuminata,523,diploid,True,False,True,11,406,36.91,15,32,79,82,198,311,95
AtRDR1,Aegilops tauschii,4200,diploid,True,False,False,12,3317,276.42,10,2,8,131,3166,226,3091
AtRDR1,Arabidopsis thaliana,135,diploid,True,False,False,6,47,7.83,0,0,1,4,42,28,19
AtRDR1,Asparagus officinalis,1200,diploid,True,False,False,6,909,151.5,0,0,5,69,835,101,808
AtRDR1,Beta vulgaris,558,diploid,True,False,False,6,104,17.33,0,0,1,9,94,24,80
AtRDR1,Brachypodium distachyon,355,diploid,True,False,False,9,108,12.0,0,0,1,6,101,52,56
AtRDR1,Brassica napus,976,tetraploid,True,False,False,8,297,37.12,0,5,1,101,190,96,201
AtRDR1,Camelina sativa,785,hexaploid,True,False,False,6,206,34.33,11,7,5,27,156,92,114
AtRDR1,Ceratopteris richardii,7400,diploid,True,False,False,9,2161,240.11,0,1,10,276,1874,136,2025
AtRDR1,Chenopodium quinoa,1300,tetraploid,True,False,False,7,410,58.57,7,0,9,35,359,123,287
AtRDR1,Cicer arietinum,740,diploid,True,False,False,12,180,15.0,0,0,3,21,156,67,113
AtRDR1,Coffea canephora,569,diploid,True,False,False,8,296,37.0,6,13,8,72,197,83,213
AtRDR1,Corylus avellana,378,diploid,True,False,False,8,348,43.5,13,4,5,37,289,114,234
AtRDR1,Cucumis sativus,367,diploid,True,False,False,8,51,6.38,0,0,2,6,43,34,17
AtRDR1,Daucus carota,430,diploid,True,False,False,8,474,59.25,0,0,10,73,391,159,315
AtRDR1,Eleusine coracana,1100,tetraploid,True,False,False,7,507,72.43,7,0,2,38,460,61,446
AtRDR1,Eruca vesicaria,851,diploid,True,False,False,7,180,25.71,0,1,1,7,171,7,173
AtRDR1,Fragaria ananassa,806,octoploid,True,False,False,10,588,58.8,24,16,10,43,495,262,326
AtRDR1,Glycine max,1115,diploid,True,False,False,11,591,53.73,3,7,37,97,447,157,434
AtRDR1,Gossypium hirsutum,2300,tetraploid,True,False,False,7,5374,767.71,7,2,31,449,4885,177,5197
AtRDR1,Helianthus annuus,3000,diploid,True,False,False,5,1312,262.4,1,2,16,181,1112,69,1243
AtRDR1,Hordeum vulgare,5100,diploid,True,False,False,12,1323,110.25,9,0,8,106,1200,80,1243
AtRDR1,Lactuca sativa,2600,diploid,True,False,False,5,329,65.8,2,1,12,25,289,21,308
AtRDR1,Lotus japonicus,554,diploid,True,False,False,12,594,49.5,18,6,4,93,473,129,465
AtRDR1,Lupinus angustifolius,924,diploid,True,False,False,9,280,31.11,0,0,5,56,219,66,214
AtRDR1,Malus domestica,703,diploid,True,False,False,10,317,31.7,3,12,17,42,243,117,200
AtRDR1,Manihot esculenta,750,diploid,True,False,False,6,94,15.67,0,0,2,8,84,55,39
AtRDR1,Miscanthus sinensis,2080,diploid,True,False,False,9,782,86.89,6,5,15,53,703,142,640
AtRDR1,Panicum miliaceum,835,diploid,True,False,False,10,663,66.3,9,11,16,67,560,143,520
AtRDR1,Paspalum notatum,513,diploid,True,False,False,6,213,35.5,0,0,1,15,197,54,159
AtRDR1,Phaseolus vulgaris,530,diploid,True,False,False,13,277,21.31,0,1,4,22,250,84,193
AtRDR1,Pisum sativum,4450,diploid,True,False,False,12,2218,184.83,0,0,9,79,2130,43,2175
AtRDR1,Populus deltoides,425,diploid,True,False,False,11,250,22.73,11,3,3,39,194,80,170
AtRDR1,Populus trichocarpa,480,diploid,True,False,False,11,218,19.82,0,0,6,33,179,66,152
AtRDR1,Prunus persica,272,diploid,True,False,False,9,183,20.33,0,0,7,31,145,92,91
AtRDR1,Rubus occidentalis,240,diploid,True,False,False,10,211,21.1,1,5,8,23,174,107,104
AtRDR1,Setaria viridis,397,diploid,True,False,False,9,219,24.33,1,6,1,18,193,92,127
AtRDR1,Solanum lycopersicum,824,diploid,True,False,False,7,357,51.0,0,0,4,46,307,71,286
AtRDR1,Solanum tuberosum,1653,tetraploid,True,False,False,8,615,76.88,4,8,3,45,555,121,494
AtRDR1,Sorghum bicolor,709,diploid,True,False,False,7,201,28.71,0,1,6,25,169,44,157
AtRDR1,Spinacia oleracea,989,diploid,True,False,False,9,366,40.67,2,1,6,16,341,72,294
AtRDR1,Thlaspi arvense,539,diploid,True,False,False,6,54,9.0,0,0,0,9,45,9,45
AtRDR1,Vicia faba,11900,diploid,True,False,False,12,5354,446.17,0,0,19,326,5009,56,5298
AtRDR1,Vigna unguiculata,641,diploid,True,False,False,10,262,26.2,6,6,8,18,224,112,150
AtRDR1,Vitis vinifera,486,diploid,True,False,False,6,132,22.0,3,1,4,12,112,48,84
AtRDR1,Zea mays,2500,diploid,True,False,False,9,643,71.44,0,1,4,63,575,65,578
AtRDR1,brassica rapa,353,diploid,True,False,False,8,69,8.62,0,0,0,7,62,37,32
AtRDR1,musa acuminata,523,diploid,True,False,False,4,176,44.0,0,0,4,28,144,77,99
